id_transaccion,fecha_hora,monto_transaccion,tipo_transaccion,numero_cuenta,id_cliente,id_producto,id_riesgo,id_fecha,alerta_fecha_futura,alerta_monto_negativo,alerta_tipo_desconocido
1,2024-02-28 06:59:27,3775097,Transferencia,8313273197,1,1,1,1,false,false,false
2,2024-02-28 08:48:17,2010844,Compra,3109087126,2,2,2,2,false,false,false
3,2024-02-28 19:06:37,4149752,Depósito,6097167283,3,3,3,3,false,false,false
4,2024-02-28 19:10:56,534425,Transferencia,5436781491,4,1,4,4,false,false,false
5,2024-02-28 22:48:55,3616456,Depósito,7632908807,5,2,3,5,false,false,false
6,2024-02-28 11:09:34,3703444,Compra,6316503919,6,3,3,6,false,false,false
7,2024-02-28 23:24:37,2536347,Depósito,7910561254,7,3,3,7,false,false,false
8,2024-02-28 09:49:32,2631942,Depósito,1042290147,8,1,5,8,false,false,false
9,2024-02-28 17:14:42,1801494,Pago,8731280089,9,3,3,9,false,false,false
10,2024-02-28 22:18:53,1532306,Transferencia,3944500909,10,4,6,10,false,false,false
11,2024-02-28 09:57:04,1973763,Pago,2262176301,11,4,7,11,false,false,false
12,2024-02-28 04:37:19,2306383,Retiro,5702844746,12,1,3,12,false,false,false
13,2024-02-28 20:36:27,2993379,Retiro,1405433280,13,1,3,13,false,false,false
14,2024-02-28 07:20:30,827495,Pago,7821634427,14,2,3,14,false,false,false
15,2024-02-28 05:51:52,2253352,Compra,5274756770,15,1,8,15,false,false,false
16,2024-02-28 18:24:12,3608425,Pago,2486021659,16,5,3,16,false,false,false
17,2024-02-28 21:52:01,3687481,Pago,7144253663,17,4,3,17,false,false,false
18,2024-02-28 17:39:12,759867,Transferencia,9208601404,18,1,3,18,false,false,false
19,2024-02-28 23:43:48,1988875,Retiro,3042242759,19,3,3,19,false,false,false
20,2024-02-28 13:47:39,2436025,Compra,8021027951,20,5,9,20,false,false,false
21,2024-02-28 06:34:57,1930869,Compra,4626314365,21,3,3,21,false,false,false
22,2024-02-28 22:59:42,1947396,Retiro,3304358518,22,3,10,22,false,false,false
23,2024-02-28 19:44:29,1239242,Pago,4391389688,23,3,11,23,false,false,false
24,2024-02-28 00:19:05,1422996,Transferencia,5585072061,24,1,3,24,false,false,false
25,2024-02-28 12:30:06,2993312,Compra,6149936886,25,3,12,25,false,false,false
26,2024-02-28 12:47:11,2812092,Retiro,5511769143,26,3,3,26,false,false,false
27,2024-02-28 08:42:19,4990456,Retiro,5417646161,27,2,13,27,false,false,false
28,2024-02-28 18:09:40,3680469,Pago,7832496091,28,1,14,28,false,false,false
29,2024-02-28 07:01:08,2017884,Compra,8416121426,29,3,15,29,false,false,false
30,2024-02-28 04:19:52,1044518,Transferencia,5810192300,30,4,16,30,false,false,false
31,2024-02-28 07:07:42,4118252,Retiro,4870493927,31,2,17,31,false,false,false
32,2024-02-28 05:32:40,4661051,Retiro,6910081399,32,2,18,32,false,false,false
33,2024-02-28 22:11:53,4207961,Depósito,7981868813,33,5,3,33,false,false,false
34,2024-02-28 04:28:07,4093704,Transferencia,5741322105,34,5,3,34,false,false,false
35,2024-02-28 00:18:22,930476,Depósito,6832328690,35,5,19,35,false,false,false
36,2024-02-28 14:48:47,311356,Compra,5451662018,36,1,3,36,false,false,false
37,2024-02-28 21:46:45,2970031,Retiro,7724194242,37,2,3,37,false,false,false
38,2024-02-28 02:33:03,3157682,Retiro,6518950757,38,4,3,38,false,false,false
39,2024-02-28 18:51:40,3564581,Transferencia,2923152868,39,2,20,39,false,false,false
40,2024-02-28 09:16:48,3449492,Depósito,5426864867,40,3,3,40,false,false,false
41,2024-02-28 10:14:05,3046411,Retiro,2709381340,41,1,21,41,false,false,false
42,2024-02-28 11:07:41,3897493,Compra,9118387979,42,2,22,42,false,false,false
43,2024-02-28 06:31:40,4255372,Depósito,3325449926,43,4,3,43,false,false,false
44,2024-02-28 13:18:06,1635610,Compra,3321800024,44,3,23,44,false,false,false
45,2024-02-28 06:06:27,3459780,Retiro,4006697743,45,5,24,45,false,false,false
46,2024-02-28 22:13:47,1379679,Pago,1798785477,46,2,3,46,false,false,false
47,2024-02-28 10:28:31,1196247,Pago,6149041973,47,1,3,47,false,false,false
48,2024-02-28 03:22:28,518030,Compra,8229025018,48,4,25,48,false,false,false
49,2024-02-28 10:26:21,4495530,Transferencia,5463599319,49,3,3,49,false,false,false
50,2024-02-28 22:21:13,3876772,Retiro,4433463193,50,5,26,50,false,false,false
51,2024-02-28 04:33:08,4262071,Transferencia,7926354800,51,2,3,51,false,false,false
52,2024-02-28 06:05:16,1474946,Pago,8012955550,52,3,3,52,false,false,false
53,2024-02-28 07:17:29,252789,Transferencia,7838087395,53,3,3,53,false,false,false
54,2024-02-28 11:20:03,3834774,Transferencia,9128923545,54,1,3,54,false,false,false
55,2024-02-28 04:43:58,1561516,Pago,2145283123,55,1,3,55,false,false,false
56,2024-02-28 06:53:25,1582178,Retiro,1180893086,56,2,27,56,false,false,false
57,2024-02-28 08:22:45,600431,Pago,3134720414,57,3,3,57,false,false,false
58,2024-02-28 02:51:44,2757648,Retiro,1800706136,58,5,3,58,false,false,false
59,2024-02-28 21:59:19,4795057,Retiro,2515005948,59,1,3,59,false,false,false
60,2024-02-28 23:26:32,1187641,Transferencia,6874362462,60,5,3,60,false,false,false
61,2024-02-28 21:58:40,4815052,Depósito,8989107993,61,2,3,61,false,false,false
62,2024-02-28 17:25:02,4955275,Pago,9554307678,62,2,28,62,false,false,false
63,2024-02-28 15:12:29,444200,Pago,9031425132,63,2,29,63,false,false,false
64,2024-02-28 00:44:16,4346929,Depósito,9822336021,64,2,30,64,false,false,false
65,2024-02-28 13:22:13,1357034,Transferencia,5040368364,65,3,3,65,false,false,false
66,2024-02-28 15:08:35,1917662,Pago,4907558081,66,1,3,66,false,false,false
67,2024-02-28 11:51:17,4021680,Depósito,3855314689,67,4,31,67,false,false,false
68,2024-02-28 17:49:26,4321032,Pago,1817565168,68,4,3,68,false,false,false
69,2024-02-28 11:53:16,2974902,Compra,8547248698,69,3,32,69,false,false,false
70,2024-02-28 11:29:51,4926210,Compra,1871142849,70,2,3,70,false,false,false
71,2024-02-28 14:58:12,498948,Retiro,8306484799,71,5,3,71,false,false,false
72,2024-02-28 07:55:26,2465078,Retiro,2531154211,72,4,3,72,false,false,false
73,2024-02-28 07:31:40,2672303,Pago,2039085284,73,4,3,73,false,false,false
74,2024-02-28 19:57:27,4965186,Compra,5227174813,74,2,33,74,false,false,false
75,2024-02-28 10:09:48,2467342,Retiro,3343862802,75,1,34,75,false,false,false
76,2024-02-28 05:02:20,3546855,Retiro,3357984102,76,5,35,76,false,false,false
77,2024-02-28 20:43:55,91904,Depósito,5963128552,77,5,36,77,false,false,false
78,2024-02-28 19:24:41,632851,Depósito,2474913593,78,1,37,78,false,false,false
79,2024-02-28 15:13:17,2108405,Pago,4023030613,79,2,38,79,false,false,false
80,2024-02-28 03:05:09,2220870,Compra,1301865097,80,5,3,80,false,false,false
81,2024-02-28 00:42:01,418949,Retiro,2287456113,81,4,3,81,false,false,false
82,2024-02-28 04:46:24,1761856,Retiro,5054190490,82,1,3,82,false,false,false
83,2024-02-28 00:34:38,1705224,Depósito,6881552364,83,1,3,83,false,false,false
84,2024-02-28 15:39:41,1344264,Pago,8546986064,84,4,3,84,false,false,false
85,2024-02-28 07:00:50,1182871,Compra,1334174274,85,2,39,85,false,false,false
86,2024-02-28 23:57:54,1354289,Pago,3712819235,86,4,40,86,false,false,false
87,2024-02-28 20:48:28,1905927,Compra,2827054655,87,1,41,87,false,false,false
88,2024-02-28 21:27:23,1840532,Depósito,7129142955,88,2,42,88,false,false,false
89,2024-02-28 22:55:05,3261696,Retiro,6995826459,89,3,43,89,false,false,false
90,2024-02-28 18:52:49,2115664,Retiro,4127931253,90,4,3,90,false,false,false
91,2024-02-28 14:59:26,178851,Transferencia,6097728141,91,3,44,91,false,false,false
92,2024-02-28 15:01:09,4137827,Pago,7615830740,92,2,45,92,false,false,false
93,2024-02-28 07:15:37,4484846,Pago,7439401269,93,4,3,93,false,false,false
94,2024-02-28 19:28:11,2515556,Retiro,4659940894,94,3,46,94,false,false,false
95,2024-02-28 05:03:44,509639,Retiro,5685976082,95,1,3,95,false,false,false
96,2024-02-28 00:11:10,639196,Transferencia,9357005869,96,1,3,96,false,false,false
97,2024-02-28 03:13:37,4125771,Compra,5097124330,97,5,47,97,false,false,false
98,2024-02-28 04:36:55,3733885,Pago,5464388479,98,4,3,98,false,false,false
99,2024-02-28 02:38:59,461068,Depósito,6704252541,99,3,48,99,false,false,false
100,2024-02-28 21:14:12,2364125,Retiro,1527029669,100,2,3,100,false,false,false
101,2024-02-28 08:17:01,2434892,Depósito,4870106193,101,2,49,101,false,false,false
102,2024-02-28 09:09:55,3468043,Pago,3919457131,102,4,50,102,false,false,false
103,2024-02-28 06:34:47,1044519,Transferencia,4940072248,103,1,3,103,false,false,false
104,2024-02-28 02:52:06,3896442,Compra,2091827429,104,5,51,104,false,false,false
105,2024-02-28 09:28:43,1600521,Depósito,1721566408,105,1,52,105,false,false,false
106,2024-02-28 01:52:16,1852086,Compra,3192291849,106,3,3,106,false,false,false
107,2024-02-28 00:01:52,64906,Retiro,2073317452,107,2,53,107,false,false,false
108,2024-02-28 17:38:02,3198340,Pago,4534976388,108,3,3,108,false,false,false
109,2024-02-28 12:44:45,2576268,Retiro,8328343961,109,3,54,109,false,false,false
110,2024-02-28 01:30:48,302384,Depósito,7063113251,110,3,55,110,false,false,false
111,2024-02-28 12:52:31,2967004,Transferencia,1065633592,111,5,56,111,false,false,false
112,2024-02-28 13:47:59,2360096,Transferencia,7974507521,112,5,3,112,false,false,false
113,2024-02-28 15:17:37,885035,Compra,7497228613,113,5,3,113,false,false,false
114,2024-02-28 21:21:36,2302679,Compra,6624956970,114,2,3,114,false,false,false
115,2024-02-28 04:18:26,400856,Compra,7497459736,115,1,57,115,false,false,false
116,2024-02-28 01:52:51,1166403,Pago,7327616697,116,2,3,116,false,false,false
117,2024-02-28 04:45:50,422562,Transferencia,8097493689,117,2,3,117,false,false,false
118,2024-02-28 20:03:48,4745696,Compra,3361197176,118,2,58,118,false,false,false
119,2024-02-28 02:47:16,2036003,Pago,7332824188,119,2,3,119,false,false,false
120,2024-02-28 05:17:19,1225668,Retiro,6970282343,120,1,3,120,false,false,false
121,2024-02-28 15:53:42,462001,Pago,6057979260,121,1,3,121,false,false,false
122,2024-02-28 11:35:58,4261925,Transferencia,7504021133,122,2,59,122,false,false,false
123,2024-02-28 09:24:04,4165431,Pago,2556477241,123,2,3,123,false,false,false
124,2024-02-28 09:51:52,3616189,Pago,6043769422,124,5,3,124,false,false,false
125,2024-02-28 08:42:39,68735,Compra,7900831255,125,3,3,125,false,false,false
126,2024-02-28 03:47:34,2833980,Compra,9715423307,126,2,60,126,false,false,false
127,2024-02-28 16:22:11,3556365,Pago,2503743135,127,3,3,127,false,false,false
128,2024-02-28 09:33:59,4180037,Retiro,5532321144,128,4,61,128,false,false,false
129,2024-02-28 10:44:29,4811230,Depósito,9619216030,129,1,3,129,false,false,false
130,2024-02-28 10:09:48,4084169,Depósito,2454257160,130,3,62,75,false,false,false
131,2024-02-28 08:40:21,2491299,Depósito,9800154474,131,3,63,130,false,false,false
132,2024-02-28 21:49:22,323709,Retiro,9015517316,132,3,3,131,false,false,false
133,2024-02-28 22:35:21,4643136,Depósito,3224616019,133,4,3,132,false,false,false
134,2024-02-28 16:46:12,4597942,Depósito,6299698290,134,1,64,133,false,false,false
135,2024-02-28 06:55:33,1111660,Pago,1848045738,135,3,65,134,false,false,false
136,2024-02-28 23:32:39,2283750,Pago,6197950893,136,2,3,135,false,false,false
137,2024-02-28 01:38:24,400243,Pago,2153747848,137,5,3,136,false,false,false
138,2024-02-28 16:04:04,1792233,Transferencia,8486039934,138,5,66,137,false,false,false
139,2024-02-28 04:26:13,4145493,Compra,9128901565,139,1,67,138,false,false,false
140,2024-02-28 15:38:12,2184283,Depósito,5910499967,140,4,68,139,false,false,false
141,2024-02-28 10:46:48,1804697,Retiro,7852889828,141,1,69,140,false,false,false
142,2024-02-28 11:49:38,2739729,Compra,7530128860,142,1,3,141,false,false,false
143,2024-02-28 23:36:12,3919777,Pago,4965977046,143,2,3,142,false,false,false
144,2024-02-28 00:19:18,925256,Transferencia,9613935886,144,4,70,143,false,false,false
145,2024-02-28 06:36:59,4029002,Retiro,5299142614,145,5,71,144,false,false,false
146,2024-02-28 21:43:51,3962227,Retiro,5663933464,146,1,3,145,false,false,false
147,2024-02-28 09:56:37,85020,Retiro,9081886886,147,1,72,146,false,false,false
148,2024-02-28 14:06:25,4061351,Pago,7266040419,148,4,3,147,false,false,false
149,2024-02-28 11:43:56,4488279,Depósito,6774036212,149,3,3,148,false,false,false
150,2024-02-28 09:46:14,4984686,Retiro,6168524934,150,3,73,149,false,false,false
151,2024-02-28 21:16:51,1906036,Retiro,5019674607,151,2,3,150,false,false,false
152,2024-02-28 17:22:55,2194188,Pago,7374609591,152,5,3,151,false,false,false
153,2024-02-28 07:43:18,1260575,Retiro,9551876867,153,4,3,152,false,false,false
154,2024-02-28 02:49:04,3363184,Pago,2931247947,154,1,3,153,false,false,false
155,2024-02-28 00:12:53,1517439,Compra,5855708404,155,3,3,154,false,false,false
156,2024-02-28 18:34:08,3902903,Pago,7570458555,156,1,74,155,false,false,false
157,2024-02-28 07:38:07,1662047,Compra,3693653041,157,4,3,156,false,false,false
158,2024-02-28 03:22:22,1197593,Compra,1529688253,158,2,75,157,false,false,false
159,2024-02-28 15:18:31,3706405,Depósito,3393800510,159,1,76,158,false,false,false
160,2024-02-28 17:21:57,2485118,Retiro,4045220576,160,4,3,159,false,false,false
161,2024-02-28 08:07:34,1599679,Transferencia,9515333122,161,3,3,160,false,false,false
162,2024-02-28 09:52:25,4949597,Transferencia,9684232299,162,1,3,161,false,false,false
163,2024-02-28 10:19:07,1400477,Compra,9332029003,163,5,77,162,false,false,false
164,2024-02-28 17:53:18,2263217,Pago,1938410766,164,1,3,163,false,false,false
165,2024-02-28 20:29:39,2500578,Compra,8599412935,165,3,3,164,false,false,false
166,2024-02-28 08:12:56,752129,Transferencia,3757640854,166,5,3,165,false,false,false
167,2024-02-28 22:33:53,989319,Transferencia,3924757968,167,4,3,166,false,false,false
168,2024-02-28 05:08:37,3668805,Compra,4681947536,168,1,3,167,false,false,false
169,2024-02-28 19:53:30,3962174,Compra,5363314924,169,3,78,168,false,false,false
170,2024-02-28 20:38:05,4879541,Transferencia,2407583287,170,4,79,169,false,false,false
171,2024-02-28 11:29:33,400111,Transferencia,5190163305,171,2,3,170,false,false,false
172,2024-02-28 17:43:48,346511,Retiro,5828976384,172,4,80,171,false,false,false
173,2024-02-28 08:58:46,577840,Pago,5401983850,173,1,81,172,false,false,false
174,2024-02-28 04:19:48,1851985,Compra,9894726523,174,4,3,173,false,false,false
175,2024-02-28 15:02:55,1897504,Transferencia,7624846874,175,1,82,174,false,false,false
176,2024-02-28 06:03:45,1639194,Retiro,9145443423,176,3,83,175,false,false,false
177,2024-02-28 03:26:58,4327179,Compra,3392963340,177,3,84,176,false,false,false
178,2024-02-28 11:44:31,79904,Pago,6021995578,178,5,85,177,false,false,false
179,2024-02-28 21:55:57,3446040,Transferencia,9178227284,179,4,86,178,false,false,false
180,2024-02-28 07:20:37,2293154,Compra,7432672654,180,4,3,179,false,false,false
181,2024-02-28 23:43:11,3297967,Depósito,9376104716,181,4,87,180,false,false,false
182,2024-02-28 11:34:57,2667028,Pago,5233872974,182,1,88,181,false,false,false
183,2024-02-28 09:25:40,2717492,Depósito,5278994732,183,5,89,182,false,false,false
184,2024-02-28 23:44:07,208716,Depósito,1288901803,184,1,3,183,false,false,false
185,2024-02-28 07:21:04,3242415,Depósito,9732423595,185,1,3,184,false,false,false
186,2024-02-28 15:24:35,2599664,Pago,2434071203,186,2,90,185,false,false,false
187,2024-02-28 21:06:28,2920821,Pago,4746930235,187,3,91,186,false,false,false
188,2024-02-28 19:29:16,2941251,Transferencia,1864696728,188,1,92,187,false,false,false
189,2024-02-28 19:40:51,965717,Retiro,2576726556,189,3,3,188,false,false,false
190,2024-02-28 18:15:47,779334,Depósito,3742442842,190,5,3,189,false,false,false
191,2024-02-28 04:20:29,3806959,Compra,1235912732,191,1,93,190,false,false,false
192,2024-02-28 17:24:05,4502672,Transferencia,8911775011,192,4,94,191,false,false,false
193,2024-02-28 09:10:09,1084875,Transferencia,2204523006,193,4,3,192,false,false,false
194,2024-02-28 23:59:38,2383829,Retiro,2789094072,194,5,3,193,false,false,false
195,2024-02-28 03:38:30,3596014,Compra,6066087507,195,3,95,194,false,false,false
196,2024-02-28 04:16:22,1579043,Retiro,1610255371,196,5,96,195,false,false,false
197,2024-02-28 16:40:47,2060999,Compra,2167044000,197,1,97,196,false,false,false
198,2024-02-28 16:33:11,1732827,Depósito,5072261409,198,1,98,197,false,false,false
199,2024-02-28 00:58:47,1761062,Compra,6649525681,199,5,99,198,false,false,false
200,2024-02-28 23:27:43,4071768,Retiro,2686000121,200,3,100,199,false,false,false
201,2024-02-28 16:45:24,2604665,Transferencia,6767013932,201,2,3,200,false,false,false
202,2024-02-28 14:37:01,3605547,Depósito,7197363999,202,5,3,201,false,false,false
203,2024-02-28 05:07:34,3664001,Pago,5663327588,203,1,101,202,false,false,false
204,2024-02-28 09:13:15,2231273,Transferencia,5402632887,204,2,102,203,false,false,false
205,2024-02-28 10:53:04,1438169,Retiro,5098030136,205,1,103,204,false,false,false
206,2024-02-28 17:14:55,4337309,Retiro,8869144271,206,3,3,205,false,false,false
207,2024-02-28 02:06:28,683136,Compra,8267061189,207,5,3,206,false,false,false
208,2024-02-28 01:10:32,3048842,Retiro,9763092960,208,4,3,207,false,false,false
209,2024-02-28 17:29:55,1039222,Transferencia,3963560245,209,5,3,208,false,false,false
210,2024-02-28 18:17:51,4355736,Compra,2906508195,210,2,104,209,false,false,false
211,2024-02-28 11:51:11,4308335,Transferencia,6167824573,211,4,105,210,false,false,false
212,2024-02-28 08:51:32,1950816,Pago,9123619418,212,4,106,211,false,false,false
213,2024-02-28 06:08:43,3403630,Retiro,5338490528,213,1,107,212,false,false,false
214,2024-02-28 15:20:06,3802945,Compra,9651520345,214,1,3,213,false,false,false
215,2024-02-28 09:38:17,118417,Depósito,8899809469,215,2,108,214,false,false,false
216,2024-02-28 16:33:12,596863,Depósito,9532332887,216,4,109,215,false,false,false
217,2024-02-28 16:54:47,4612973,Transferencia,8135424139,217,2,3,216,false,false,false
218,2024-02-28 10:08:39,4825852,Retiro,1161441188,218,3,110,217,false,false,false
219,2024-02-28 06:32:32,4111985,Retiro,3546443359,219,4,3,218,false,false,false
220,2024-02-28 18:13:13,1036775,Transferencia,6897242841,220,1,3,219,false,false,false
221,2024-02-28 00:58:24,3555107,Transferencia,2994535997,221,1,3,220,false,false,false
222,2024-02-28 05:29:07,2608758,Transferencia,2435532972,222,4,3,221,false,false,false
223,2024-02-28 10:20:47,1130789,Compra,4011463482,223,2,3,222,false,false,false
224,2024-02-28 08:03:27,4165229,Pago,5942571850,224,3,111,223,false,false,false
225,2024-02-28 23:22:03,3984618,Pago,9509933181,225,3,3,224,false,false,false
226,2024-02-28 02:12:56,3577185,Retiro,4900263988,226,2,112,225,false,false,false
227,2024-02-28 10:06:38,4917157,Transferencia,8679592605,227,1,113,226,false,false,false
228,2024-02-28 19:21:04,2895231,Transferencia,2723000362,228,1,114,227,false,false,false
229,2024-02-28 07:19:04,1862642,Pago,4354576337,229,5,3,228,false,false,false
230,2024-02-28 09:08:15,1040576,Pago,1290559509,230,2,115,229,false,false,false
231,2024-02-28 20:25:33,257913,Retiro,6057466188,231,1,116,230,false,false,false
232,2024-02-28 19:07:08,3416489,Compra,6301192665,232,3,3,231,false,false,false
233,2024-02-28 05:45:41,3385077,Compra,1025712638,233,1,3,232,false,false,false
234,2024-02-28 09:09:06,787950,Transferencia,9158971054,234,2,117,233,false,false,false
235,2024-02-28 02:27:34,4602151,Transferencia,9377436692,235,1,3,234,false,false,false
236,2024-02-28 17:27:22,1389069,Depósito,1193290059,236,5,118,235,false,false,false
237,2024-02-28 05:48:21,2317359,Compra,6919217080,237,1,119,236,false,false,false
238,2024-02-28 15:29:54,1267033,Pago,3080151431,238,2,3,237,false,false,false
239,2024-02-28 12:42:18,3445779,Depósito,5917972255,239,2,3,238,false,false,false
240,2024-02-28 03:33:20,3209308,Pago,2256695703,240,1,3,239,false,false,false
241,2024-02-28 22:45:05,3281550,Compra,1079940407,241,3,3,240,false,false,false
242,2024-02-28 14:51:21,4590172,Transferencia,5710350676,242,3,120,241,false,false,false
243,2024-02-28 14:40:28,3283460,Transferencia,7389140198,243,2,3,242,false,false,false
244,2024-02-28 17:15:50,711860,Compra,5836478079,244,2,3,243,false,false,false
245,2024-02-28 11:13:43,4168995,Transferencia,4632732150,245,1,121,244,false,false,false
246,2024-02-28 10:40:49,1641702,Depósito,4683654883,246,5,122,245,false,false,false
247,2024-02-28 17:35:06,3024204,Depósito,1858716904,247,5,123,246,false,false,false
248,2024-02-28 06:08:12,672771,Pago,6294326317,248,5,3,247,false,false,false
249,2024-02-28 22:59:38,4932390,Depósito,3426750536,249,1,124,248,false,false,false
250,2024-02-28 15:14:35,2832210,Transferencia,8256048267,250,3,125,249,false,false,false
251,2024-02-28 21:47:39,4108714,Compra,3947016122,251,2,126,250,false,false,false
252,2024-02-28 06:58:54,595839,Pago,7295461654,252,1,3,251,false,false,false
253,2024-02-28 12:27:06,1210475,Compra,2177388217,253,2,3,252,false,false,false
254,2024-02-28 19:52:44,553603,Compra,1388051686,254,3,3,253,false,false,false
255,2024-02-28 15:27:08,2829078,Retiro,9635307360,255,4,3,254,false,false,false
256,2024-02-28 09:56:05,3872534,Retiro,7764037399,256,5,3,255,false,false,false
257,2024-02-28 11:47:22,994956,Pago,3313192923,257,4,127,256,false,false,false
258,2024-02-28 21:05:41,3893815,Pago,3584353766,258,5,128,257,false,false,false
259,2024-02-28 00:30:32,581832,Depósito,4405883856,259,1,129,258,false,false,false
260,2024-02-28 16:44:37,3695256,Retiro,3696903061,260,5,3,259,false,false,false
261,2024-02-28 10:01:54,4004390,Retiro,3242122133,261,2,130,260,false,false,false
262,2024-02-28 15:28:58,2745460,Retiro,3395105316,262,2,3,261,false,false,false
263,2024-02-28 13:37:25,1433850,Transferencia,2376273060,263,5,131,262,false,false,false
264,2024-02-28 07:51:07,4506805,Depósito,8306641015,264,2,3,263,false,false,false
265,2024-02-28 21:25:27,3477486,Pago,2442610429,265,4,3,264,false,false,false
266,2024-02-28 17:36:57,2453755,Compra,1769200077,266,1,3,265,false,false,false
267,2024-02-28 00:09:15,3108478,Pago,3230746595,267,2,3,266,false,false,false
268,2024-02-28 18:05:05,2725333,Compra,1523792032,268,4,132,267,false,false,false
269,2024-02-28 05:36:36,2044187,Depósito,9987326668,269,4,133,268,false,false,false
270,2024-02-28 16:03:36,4487260,Depósito,9045485751,270,1,134,269,false,false,false
271,2024-02-28 08:00:54,3339199,Retiro,2818768670,271,4,135,270,false,false,false
272,2024-02-28 12:48:38,1857304,Transferencia,8028163341,272,2,136,271,false,false,false
273,2024-02-28 03:48:48,1123148,Retiro,7081999389,273,1,3,272,false,false,false
274,2024-02-28 09:01:21,4925777,Retiro,9325245666,274,1,137,273,false,false,false
275,2024-02-28 01:38:19,4273801,Compra,4623655936,275,3,3,274,false,false,false
276,2024-02-28 23:49:28,3305934,Compra,2327982173,276,1,3,275,false,false,false
277,2024-02-28 17:29:48,3825805,Compra,3112802714,277,4,138,276,false,false,false
278,2024-02-28 20:15:06,3439769,Depósito,8520737082,278,1,3,277,false,false,false
279,2024-02-28 01:57:54,59346,Depósito,2929307676,279,4,139,278,false,false,false
280,2024-02-28 17:19:03,4868826,Pago,3301951362,280,1,3,279,false,false,false
281,2024-02-28 22:43:56,186910,Transferencia,6503509890,281,5,3,280,false,false,false
282,2024-02-28 15:31:09,4699778,Pago,2418144576,282,2,140,281,false,false,false
283,2024-02-28 08:57:38,2632110,Compra,2990461349,283,5,141,282,false,false,false
284,2024-02-28 23:35:32,721400,Compra,5373262533,284,1,142,283,false,false,false
285,2024-02-28 09:18:06,2250748,Compra,2566313313,285,4,3,284,false,false,false
286,2024-02-28 02:22:47,2757946,Compra,8513632178,286,1,3,285,false,false,false
287,2024-02-28 02:26:30,18594,Retiro,5074029163,287,5,3,286,false,false,false
288,2024-02-28 03:06:24,2288490,Depósito,1181519620,288,4,143,287,false,false,false
289,2024-02-28 11:23:50,4031990,Retiro,9210820004,289,5,3,288,false,false,false
290,2024-02-28 17:38:54,3247305,Depósito,5210524703,290,5,3,289,false,false,false
291,2024-02-28 21:31:08,3356999,Transferencia,1200890455,291,3,144,290,false,false,false
292,2024-02-28 06:31:16,3845973,Depósito,5151368412,292,5,145,291,false,false,false
293,2024-02-28 23:05:57,4435968,Transferencia,9753145809,293,2,3,292,false,false,false
294,2024-02-28 00:41:28,4876578,Compra,8243154397,294,4,146,293,false,false,false
295,2024-02-28 12:56:29,518947,Depósito,3026043883,295,4,147,294,false,false,false
296,2024-02-28 15:00:51,720397,Compra,4548552982,296,3,3,295,false,false,false
297,2024-02-28 09:58:01,1962028,Depósito,7072657422,297,4,148,296,false,false,false
298,2024-02-28 04:32:26,238953,Compra,8556662295,298,3,149,297,false,false,false
299,2024-02-28 20:54:33,439267,Depósito,1454682090,299,2,150,298,false,false,false
300,2024-02-28 23:09:14,2255290,Compra,9838832023,300,5,3,299,false,false,false
301,2024-02-28 12:37:16,2558348,Compra,4870992357,301,5,3,300,false,false,false
302,2024-02-28 00:02:01,618900,Retiro,4738422105,302,2,3,301,false,false,false
303,2024-02-28 17:28:21,2475975,Pago,6853894266,303,1,3,302,false,false,false
304,2024-02-28 01:20:18,329858,Depósito,6524255493,304,4,3,303,false,false,false
305,2024-02-28 12:49:59,108052,Compra,1341115352,305,3,3,304,false,false,false
306,2024-02-28 12:29:09,1180357,Pago,3346110652,306,1,151,305,false,false,false
307,2024-02-28 09:56:47,3850164,Compra,3606455949,307,4,152,306,false,false,false
308,2024-02-28 05:15:17,4061179,Compra,9785832960,308,4,3,307,false,false,false
309,2024-02-28 08:54:27,4853391,Compra,2155841714,309,4,3,308,false,false,false
310,2024-02-28 19:07:53,4464394,Compra,4801708821,310,1,153,309,false,false,false
311,2024-02-28 10:44:30,1031650,Pago,5036930242,311,5,154,310,false,false,false
312,2024-02-28 05:41:18,2833693,Transferencia,1129490049,312,2,3,311,false,false,false
313,2024-02-28 12:48:19,3369865,Pago,8982859340,313,2,155,312,false,false,false
314,2024-02-28 13:39:23,3718577,Depósito,4308383225,314,3,156,313,false,false,false
315,2024-02-28 08:34:27,1688265,Transferencia,8802350877,315,1,157,314,false,false,false
316,2024-02-28 14:54:43,2188890,Compra,2803151795,316,2,158,315,false,false,false
317,2024-02-28 08:53:24,1795582,Transferencia,1067058217,317,1,159,316,false,false,false
318,2024-02-28 11:10:41,2986431,Retiro,9821621059,318,2,160,317,false,false,false
319,2024-02-28 04:12:49,3276268,Retiro,8091929477,319,2,161,318,false,false,false
320,2024-02-28 11:00:08,2359499,Depósito,4494815205,320,5,162,319,false,false,false
321,2024-02-28 13:31:23,2257980,Pago,5734145607,321,2,3,320,false,false,false
322,2024-02-28 05:18:55,3079348,Retiro,1854882937,322,3,3,321,false,false,false
323,2024-02-28 04:00:09,2371017,Depósito,5890900041,323,1,163,322,false,false,false
324,2024-02-28 01:40:24,323542,Transferencia,7930340112,324,2,164,323,false,false,false
325,2024-02-28 10:58:52,4702182,Transferencia,5895407734,325,5,165,324,false,false,false
326,2024-02-28 20:27:30,4811142,Depósito,7042596313,326,2,166,325,false,false,false
327,2024-02-28 03:57:32,3494106,Depósito,3309563040,327,1,167,326,false,false,false
328,2024-02-28 02:53:03,1601487,Pago,7229689398,328,1,168,327,false,false,false
329,2024-02-28 19:39:15,3196262,Transferencia,9136282437,329,5,3,328,false,false,false
330,2024-02-28 03:28:35,4509520,Transferencia,4993010916,330,4,169,329,false,false,false
331,2024-02-28 03:18:29,1590816,Pago,9996388859,331,3,170,330,false,false,false
332,2024-02-28 20:52:43,2807301,Retiro,7479787703,332,2,171,331,false,false,false
333,2024-02-28 15:07:08,4291855,Retiro,5783782041,333,5,3,332,false,false,false
334,2024-02-28 21:06:42,3417840,Compra,7709744285,334,5,172,333,false,false,false
335,2024-02-28 06:31:17,4484695,Depósito,3110585430,335,1,3,334,false,false,false
336,2024-02-28 04:56:44,1506544,Pago,6405892379,336,2,173,335,false,false,false
337,2024-02-28 22:09:29,397068,Transferencia,7616635109,337,4,3,336,false,false,false
338,2024-02-28 06:47:55,3457567,Transferencia,2555848891,338,1,174,337,false,false,false
339,2024-02-28 15:41:11,3764719,Pago,3759611577,339,2,175,338,false,false,false
340,2024-02-28 14:41:12,1890732,Depósito,4656416275,340,4,176,339,false,false,false
341,2024-02-28 16:03:34,1787537,Depósito,4626085444,341,4,177,340,false,false,false
342,2024-02-28 23:53:33,365068,Pago,5370485603,342,2,3,341,false,false,false
343,2024-02-28 06:02:57,54898,Compra,3078812319,343,2,3,342,false,false,false
344,2024-02-28 04:48:21,1579761,Compra,7288612246,344,5,178,343,false,false,false
345,2024-02-28 20:28:47,3906574,Depósito,8802337338,345,4,3,344,false,false,false
346,2024-02-28 02:18:40,618460,Depósito,7134773079,346,2,179,345,false,false,false
347,2024-02-28 15:07:14,1950817,Compra,6403456770,347,5,3,346,false,false,false
348,2024-02-28 04:20:54,2297468,Retiro,4432555253,348,2,180,347,false,false,false
349,2024-02-28 02:30:34,3566729,Depósito,6663974619,349,2,3,348,false,false,false
350,2024-02-28 16:54:01,2819480,Transferencia,5625712455,350,2,3,349,false,false,false
351,2024-02-28 08:20:13,4526218,Depósito,3218057107,351,5,3,350,false,false,false
352,2024-02-28 02:25:21,2444745,Depósito,4851492263,352,1,3,351,false,false,false
353,2024-02-28 07:28:21,3223299,Transferencia,6071813408,353,4,181,352,false,false,false
354,2024-02-28 20:18:49,4323304,Transferencia,1184170514,354,5,3,353,false,false,false
355,2024-02-28 12:36:50,2692968,Compra,9726359502,355,2,3,354,false,false,false
356,2024-02-28 11:23:59,228077,Compra,5580222514,356,5,182,355,false,false,false
357,2024-02-28 20:39:16,4466852,Retiro,8051249475,357,1,3,356,false,false,false
358,2024-02-28 05:44:44,631536,Retiro,5840512599,358,1,183,357,false,false,false
359,2024-02-28 18:38:52,4966328,Pago,5107146047,359,4,3,358,false,false,false
360,2024-02-28 00:44:02,4669555,Transferencia,9155431108,360,3,184,359,false,false,false
361,2024-02-28 22:36:22,3008924,Retiro,7845420843,361,2,185,360,false,false,false
362,2024-02-28 02:46:40,1895930,Depósito,6496037342,362,5,3,361,false,false,false
363,2024-02-28 09:51:31,3620491,Pago,5011014078,363,2,3,362,false,false,false
364,2024-02-28 05:42:03,3828544,Depósito,1703994581,364,2,186,363,false,false,false
365,2024-02-28 04:28:40,754960,Retiro,3227480388,365,1,3,364,false,false,false
366,2024-02-28 21:21:51,2817055,Compra,8552073613,366,2,3,365,false,false,false
367,2024-02-28 04:14:21,3811980,Pago,3692399612,367,1,3,366,false,false,false
368,2024-02-28 08:45:40,3473262,Depósito,7501334375,368,1,187,367,false,false,false
369,2024-02-28 17:59:47,671786,Transferencia,9986279196,369,1,188,368,false,false,false
370,2024-02-28 01:09:46,3989965,Pago,4063997223,370,2,3,369,false,false,false
371,2024-02-28 17:23:22,4031126,Retiro,6597956975,371,3,189,370,false,false,false
372,2024-02-28 13:18:17,2180895,Compra,5069677122,372,3,190,371,false,false,false
373,2024-02-28 18:20:49,2254388,Transferencia,5697446678,373,5,3,372,false,false,false
374,2024-02-28 00:42:45,1382898,Retiro,1066979322,374,1,3,373,false,false,false
375,2024-02-28 21:41:06,1971290,Transferencia,3805418658,375,2,191,374,false,false,false
376,2024-02-28 14:31:57,2244766,Pago,1254949771,376,2,3,375,false,false,false
377,2024-02-28 20:09:19,240016,Compra,1529818332,377,2,3,376,false,false,false
378,2024-02-28 00:44:33,3502783,Pago,6845919327,378,4,3,377,false,false,false
379,2024-02-28 03:49:12,115683,Compra,4153773626,379,1,192,378,false,false,false
380,2024-02-28 07:14:32,4355905,Compra,8376929284,380,4,3,379,false,false,false
381,2024-02-28 17:39:07,3128920,Depósito,1905082056,381,3,3,380,false,false,false
382,2024-02-28 08:08:37,306624,Compra,8852724660,382,5,3,381,false,false,false
383,2024-02-28 22:50:48,345972,Compra,7456362489,383,5,193,382,false,false,false
384,2024-02-28 10:43:59,4185920,Depósito,6702135548,384,3,3,383,false,false,false
385,2024-02-28 15:45:27,3356136,Retiro,6770517942,385,3,194,384,false,false,false
386,2024-02-28 16:49:03,3713295,Retiro,6285278400,386,5,195,385,false,false,false
387,2024-02-28 06:30:49,3191147,Retiro,5549125707,387,5,196,386,false,false,false
388,2024-02-28 02:02:23,3628960,Retiro,2090373792,388,5,3,387,false,false,false
389,2024-02-28 16:54:52,370963,Pago,8747459177,389,3,3,388,false,false,false
390,2024-02-28 13:51:42,4447786,Compra,9633860380,390,2,197,389,false,false,false
391,2024-02-28 04:42:02,53700,Pago,1227086869,391,2,198,390,false,false,false
392,2024-02-28 06:08:22,3954340,Compra,7099751974,392,4,199,391,false,false,false
393,2024-02-28 22:06:37,4236936,Retiro,9580327429,393,3,3,392,false,false,false
394,2024-02-28 08:37:01,2736453,Transferencia,3678761731,394,2,200,393,false,false,false
395,2024-02-28 10:24:09,204300,Pago,1619248006,395,4,3,394,false,false,false
396,2024-02-28 01:05:57,2458767,Retiro,5803997898,396,4,201,395,false,false,false
397,2024-02-28 23:30:25,3499435,Retiro,3492626050,397,3,3,396,false,false,false
398,2024-02-28 14:50:10,4512161,Transferencia,6064182424,398,3,3,397,false,false,false
399,2024-02-28 19:09:10,4856811,Depósito,9713379191,399,5,3,398,false,false,false
400,2024-02-28 12:56:39,4362111,Transferencia,7946714882,400,5,3,399,false,false,false
401,2024-02-28 23:36:01,4544580,Pago,6321128553,401,5,202,400,false,false,false
402,2024-02-28 13:55:22,1487668,Retiro,7630519681,402,4,203,401,false,false,false
403,2024-02-28 10:38:14,2859155,Depósito,5350711931,403,1,3,402,false,false,false
404,2024-02-28 16:38:34,2766936,Pago,4184399927,404,5,3,403,false,false,false
405,2024-02-28 01:25:28,4148987,Depósito,1751812240,405,1,204,404,false,false,false
406,2024-02-28 13:57:44,2118369,Transferencia,9598371086,406,4,205,405,false,false,false
407,2024-02-28 05:53:07,2549020,Compra,3809873832,407,2,206,406,false,false,false
408,2024-02-28 16:18:46,4591301,Compra,2167739653,408,4,207,407,false,false,false
409,2024-02-28 23:14:49,381108,Compra,5823697733,409,3,208,408,false,false,false
410,2024-02-28 03:07:54,951495,Depósito,5531125165,410,1,3,409,false,false,false
411,2024-02-28 22:43:40,3033694,Pago,8925124756,411,5,3,410,false,false,false
412,2024-02-28 05:44:24,4700125,Transferencia,9567117204,412,1,3,411,false,false,false
413,2024-02-28 02:43:39,4915851,Transferencia,7445555979,413,5,209,412,false,false,false
414,2024-02-28 21:22:45,228404,Transferencia,8576361731,414,1,3,413,false,false,false
415,2024-02-28 21:24:30,4996841,Compra,9037551851,415,3,210,414,false,false,false
416,2024-02-28 02:27:17,1477547,Transferencia,8342044853,416,4,3,415,false,false,false
417,2024-02-28 06:05:12,1637608,Depósito,4313292898,417,5,211,416,false,false,false
418,2024-02-28 05:27:25,2289678,Retiro,6761408614,418,5,212,417,false,false,false
419,2024-02-28 02:31:21,2723484,Retiro,8573364551,419,1,3,418,false,false,false
420,2024-02-28 18:57:41,758958,Depósito,5169528697,420,4,213,419,false,false,false
421,2024-02-28 18:45:28,1293952,Pago,8725531283,421,3,3,420,false,false,false
422,2024-02-28 21:49:03,2221185,Retiro,3944698494,422,3,214,421,false,false,false
423,2024-02-28 23:42:28,2486319,Pago,7649501863,423,3,3,422,false,false,false
424,2024-02-28 06:36:24,978111,Retiro,1819046644,424,3,3,423,false,false,false
425,2024-02-28 09:25:18,42112,Retiro,9600737472,425,1,215,424,false,false,false
426,2024-02-28 10:44:17,1323689,Compra,8967473262,426,5,3,425,false,false,false
427,2024-02-28 17:52:49,3783942,Compra,8144985000,427,2,216,426,false,false,false
428,2024-02-28 02:37:47,1803937,Retiro,8421728843,428,1,217,427,false,false,false
429,2024-02-28 20:10:14,4863945,Transferencia,7349282106,429,4,218,428,false,false,false
430,2024-02-28 09:39:19,1818715,Pago,2699557414,430,4,219,429,false,false,false
431,2024-02-28 07:46:05,4623673,Pago,5200447062,431,2,220,430,false,false,false
432,2024-02-28 13:21:31,3967915,Pago,8409881191,432,1,221,431,false,false,false
433,2024-02-28 12:02:19,2628523,Depósito,7836557064,433,4,222,432,false,false,false
434,2024-02-28 07:39:58,855240,Transferencia,3809648649,434,4,3,433,false,false,false
435,2024-02-28 19:34:09,4681098,Depósito,6790636182,435,2,3,434,false,false,false
436,2024-02-28 03:16:45,1195502,Pago,1347281572,436,4,3,435,false,false,false
437,2024-02-28 22:23:22,1835162,Depósito,1029590819,437,5,3,436,false,false,false
438,2024-02-28 13:25:54,1235889,Compra,3795814746,438,5,223,437,false,false,false
439,2024-02-28 23:44:42,4150584,Compra,3550896679,439,2,3,438,false,false,false
440,2024-02-28 11:47:32,1111113,Depósito,7433404855,440,3,224,439,false,false,false
441,2024-02-28 09:07:04,1869356,Compra,1948250132,441,3,225,440,false,false,false
442,2024-02-28 11:52:47,910189,Depósito,1054208580,442,2,3,441,false,false,false
443,2024-02-28 10:59:36,3155129,Transferencia,6778503479,443,2,226,442,false,false,false
444,2024-02-28 14:35:29,1443256,Compra,9008671015,444,3,227,443,false,false,false
445,2024-02-28 03:37:27,2347886,Pago,4771393278,445,2,3,444,false,false,false
446,2024-02-28 17:23:56,4080861,Retiro,6728574965,446,1,228,445,false,false,false
447,2024-02-28 01:02:32,4569991,Depósito,8100154647,447,5,3,446,false,false,false
448,2024-02-28 09:18:54,4394686,Compra,9963993964,448,5,3,447,false,false,false
449,2024-02-28 18:19:27,256599,Retiro,6969494870,449,1,229,448,false,false,false
450,2024-02-28 17:53:05,2388335,Pago,9899397318,450,3,3,449,false,false,false
451,2024-02-28 21:41:15,957971,Depósito,4074436805,451,1,230,450,false,false,false
452,2024-02-28 00:05:28,4352281,Transferencia,7113152307,452,2,231,451,false,false,false
453,2024-02-28 03:25:43,4734939,Depósito,1497253224,453,4,232,452,false,false,false
454,2024-02-28 16:12:25,3022123,Pago,3371631488,454,1,233,453,false,false,false
455,2024-02-28 09:36:45,1147251,Depósito,2863307044,455,4,234,454,false,false,false
456,2024-02-28 18:56:25,4412188,Pago,1757827213,456,4,235,455,false,false,false
457,2024-02-28 14:30:27,1021676,Retiro,3686989464,457,3,236,456,false,false,false
458,2024-02-28 00:32:28,830133,Pago,1387839547,458,5,3,457,false,false,false
459,2024-02-28 23:15:22,4288096,Pago,4743276596,459,2,3,458,false,false,false
460,2024-02-28 23:38:36,2331633,Pago,3747308500,460,2,3,459,false,false,false
461,2024-02-28 08:18:27,2748974,Transferencia,3450876481,461,2,237,460,false,false,false
462,2024-02-28 13:46:19,4974210,Compra,8595540691,462,5,238,461,false,false,false
463,2024-02-28 14:10:05,1171275,Depósito,3462115030,463,4,239,462,false,false,false
464,2024-02-28 04:13:17,4529768,Pago,6408938381,464,2,240,463,false,false,false
465,2024-02-28 10:23:37,508583,Compra,3348738499,465,4,241,464,false,false,false
466,2024-02-28 17:49:36,4776857,Transferencia,1403283566,466,1,3,465,false,false,false
467,2024-02-28 15:04:37,4117496,Compra,3157206053,467,1,3,466,false,false,false
468,2024-02-28 17:23:55,829631,Depósito,2500514109,468,3,3,467,false,false,false
469,2024-02-28 01:14:07,2593236,Compra,9274025516,469,1,3,468,false,false,false
470,2024-02-28 03:06:47,2548100,Transferencia,7566989259,470,3,3,469,false,false,false
471,2024-02-28 10:14:10,932194,Compra,3589252112,471,3,242,470,false,false,false
472,2024-02-28 03:12:05,781353,Compra,3921734660,472,2,243,471,false,false,false
473,2024-02-28 02:02:13,89747,Compra,2533987008,473,3,3,472,false,false,false
474,2024-02-28 01:51:14,3428052,Transferencia,9957593825,474,1,244,473,false,false,false
475,2024-02-28 11:17:30,3075570,Compra,9176471234,475,1,245,474,false,false,false
476,2024-02-28 03:53:48,967706,Compra,6536996166,476,4,3,475,false,false,false
477,2024-02-28 01:36:10,169812,Compra,7188620340,477,4,246,476,false,false,false
478,2024-02-28 02:51:57,315245,Depósito,7082178925,478,2,3,477,false,false,false
479,2024-02-28 17:52:28,3589308,Pago,9361811964,479,4,3,478,false,false,false
480,2024-02-28 12:15:41,197262,Transferencia,5374580714,480,5,247,479,false,false,false
481,2024-02-28 09:26:36,2492746,Transferencia,8623329963,481,3,248,480,false,false,false
482,2024-02-28 12:19:46,4331208,Pago,8817983806,482,3,3,481,false,false,false
483,2024-02-28 15:31:55,4974122,Transferencia,8081001705,483,2,249,482,false,false,false
484,2024-02-28 23:21:19,259886,Depósito,2942420022,484,4,250,483,false,false,false
485,2024-02-28 18:28:53,771376,Compra,2468192405,485,4,251,484,false,false,false
486,2024-02-28 05:15:43,3232161,Pago,3849578297,486,2,3,485,false,false,false
487,2024-02-28 16:23:45,522199,Retiro,8663306183,487,4,252,486,false,false,false
488,2024-02-28 01:34:51,4339818,Retiro,1878711644,488,5,3,487,false,false,false
489,2024-02-28 11:30:38,4912134,Compra,3216979620,489,3,3,488,false,false,false
490,2024-02-28 01:05:54,4531748,Compra,8156583129,490,4,253,489,false,false,false
491,2024-02-28 06:07:23,2718144,Retiro,9467476564,491,2,254,490,false,false,false
492,2024-02-28 11:19:22,1374097,Pago,2614493846,492,4,255,491,false,false,false
493,2024-02-28 22:30:48,560600,Pago,6318949483,493,4,256,492,false,false,false
494,2024-02-28 12:13:52,1223308,Compra,3673579488,494,3,3,493,false,false,false
495,2024-02-28 23:32:55,927830,Depósito,3080745318,495,3,3,494,false,false,false
496,2024-02-28 13:28:30,146418,Retiro,4973934082,496,5,257,495,false,false,false
497,2024-02-28 14:31:26,1048687,Compra,5748631617,497,4,258,496,false,false,false
498,2024-02-28 00:40:28,4733816,Depósito,4047658278,498,3,259,497,false,false,false
499,2024-02-28 22:47:40,3856378,Depósito,3301102897,499,3,3,498,false,false,false
500,2024-02-28 23:14:17,765447,Pago,5005345408,500,5,260,499,false,false,false
501,2024-02-28 16:08:22,1654859,Retiro,2082651696,501,3,261,500,false,false,false
502,2024-02-28 10:17:40,1549801,Pago,5372670687,502,2,262,501,false,false,false
503,2024-02-28 00:11:07,3438835,Retiro,7963360136,503,2,3,502,false,false,false
504,2024-02-28 23:45:37,1255658,Compra,8879449201,504,5,263,503,false,false,false
505,2024-02-28 11:27:50,2711010,Compra,4852381698,505,2,3,504,false,false,false
506,2024-02-28 16:51:46,4000558,Pago,4628514748,506,5,3,505,false,false,false
507,2024-02-28 19:41:52,3185104,Depósito,7528334309,507,1,264,506,false,false,false
508,2024-02-28 00:18:28,2150991,Transferencia,5265545387,508,3,3,507,false,false,false
509,2024-02-28 18:30:30,1145923,Transferencia,9132388503,509,1,265,508,false,false,false
510,2024-02-28 15:44:21,1332884,Compra,6691296370,510,5,266,509,false,false,false
511,2024-02-28 13:35:55,4415241,Pago,1436915990,511,2,267,510,false,false,false
512,2024-02-28 05:03:20,2968795,Pago,3374819677,512,4,3,511,false,false,false
513,2024-02-28 13:32:57,4369303,Retiro,5536337157,513,2,3,512,false,false,false
514,2024-02-28 23:35:54,4742926,Transferencia,1310561403,514,4,3,513,false,false,false
515,2024-02-28 22:42:42,1675020,Pago,7412948814,515,4,268,514,false,false,false
516,2024-02-28 05:11:54,1790894,Retiro,9841337244,516,1,3,515,false,false,false
517,2024-02-28 16:09:37,2876669,Pago,9037130545,517,3,269,516,false,false,false
518,2024-02-28 12:09:15,4515923,Transferencia,9994511553,518,2,270,517,false,false,false
519,2024-02-28 10:40:00,3190963,Transferencia,2539963758,519,5,3,518,false,false,false
520,2024-02-28 10:25:02,4741451,Compra,5327685265,520,1,3,519,false,false,false
521,2024-02-28 06:05:50,2521010,Pago,7686282859,521,5,3,520,false,false,false
522,2024-02-28 06:27:11,3265092,Pago,2604866102,522,1,271,521,false,false,false
523,2024-02-28 20:21:35,742871,Pago,5832614769,523,3,272,522,false,false,false
524,2024-02-28 11:14:47,2321890,Retiro,3563604262,524,1,273,523,false,false,false
525,2024-02-28 15:13:59,1905913,Depósito,4275210285,525,3,3,524,false,false,false
526,2024-02-28 16:56:52,2888925,Pago,8623107596,526,3,274,525,false,false,false
527,2024-02-28 14:22:44,4440314,Compra,9355896997,527,2,275,526,false,false,false
528,2024-02-28 07:55:54,2958889,Pago,4914949138,528,1,276,527,false,false,false
529,2024-02-28 21:39:39,3902046,Compra,2227617176,529,2,3,528,false,false,false
530,2024-02-28 07:11:59,1222575,Transferencia,9377016043,530,2,3,529,false,false,false
531,2024-02-28 23:26:00,2172047,Compra,7785375110,531,2,277,530,false,false,false
532,2024-02-28 03:00:16,4720746,Compra,2301049848,532,1,278,531,false,false,false
533,2024-02-28 02:55:01,3550806,Transferencia,2961877935,533,1,279,532,false,false,false
534,2024-02-28 04:14:13,898534,Compra,6964116926,534,5,3,533,false,false,false
535,2024-02-28 10:47:58,1513331,Compra,1373228858,535,1,280,534,false,false,false
536,2024-02-28 12:28:34,679048,Compra,5043310227,536,3,3,535,false,false,false
537,2024-02-28 20:32:20,2190375,Pago,6554492985,537,3,281,536,false,false,false
538,2024-02-28 21:53:07,696910,Compra,7572268987,538,5,282,537,false,false,false
539,2024-02-28 11:37:13,934512,Retiro,7962888316,539,3,283,538,false,false,false
540,2024-02-28 15:58:40,1823529,Retiro,2923715507,540,4,284,539,false,false,false
541,2024-02-28 02:36:42,3148953,Compra,4518868188,541,4,3,540,false,false,false
542,2024-02-28 15:49:14,2282208,Pago,9512853749,542,3,3,541,false,false,false
543,2024-02-28 23:39:05,4766413,Pago,8027756667,543,5,3,542,false,false,false
544,2024-02-28 12:02:05,3089786,Depósito,8165043168,544,5,285,543,false,false,false
545,2024-02-28 21:52:41,2551127,Compra,4156855320,545,4,3,544,false,false,false
546,2024-02-28 08:45:11,206843,Transferencia,7820338326,546,2,286,545,false,false,false
547,2024-02-28 22:36:33,3373669,Pago,1038510850,547,3,3,546,false,false,false
548,2024-02-28 02:11:18,2160813,Depósito,6982677127,548,1,3,547,false,false,false
549,2024-02-28 06:44:52,4304260,Retiro,8402814542,549,4,287,548,false,false,false
550,2024-02-28 14:58:30,3355772,Compra,8514476001,550,3,288,549,false,false,false
551,2024-02-28 16:25:22,3113357,Pago,2002772579,551,5,3,550,false,false,false
552,2024-02-28 21:00:49,1054059,Pago,8169289760,552,5,289,551,false,false,false
553,2024-02-28 10:47:29,1377780,Pago,5799828173,553,2,3,552,false,false,false
554,2024-02-28 02:27:55,3033287,Compra,2402417201,554,3,3,553,false,false,false
555,2024-02-28 08:46:32,4083541,Depósito,4257929477,555,4,3,554,false,false,false
556,2024-02-28 15:47:58,1918730,Compra,2719341564,556,2,290,555,false,false,false
557,2024-02-28 00:19:29,1450807,Compra,7377732320,557,5,3,556,false,false,false
558,2024-02-28 16:32:31,3316080,Compra,5250829994,558,2,291,557,false,false,false
559,2024-02-28 14:05:08,1831721,Transferencia,5736223201,559,1,3,558,false,false,false
560,2024-02-28 04:15:18,3087774,Transferencia,3689925640,560,2,292,559,false,false,false
561,2024-02-28 00:06:39,2372382,Depósito,4404409953,561,2,293,560,false,false,false
562,2024-02-28 05:16:14,2683089,Retiro,6492451318,562,3,3,561,false,false,false
563,2024-02-28 14:47:26,1803035,Retiro,4930265654,563,3,3,562,false,false,false
564,2024-02-28 01:35:56,401860,Compra,9785254154,564,5,294,563,false,false,false
565,2024-02-28 05:44:45,3327946,Pago,5724169694,565,4,295,564,false,false,false
566,2024-02-28 15:11:57,3793026,Depósito,5983482826,566,4,296,565,false,false,false
567,2024-02-28 23:22:49,632723,Compra,1035862807,567,2,297,566,false,false,false
568,2024-02-28 01:29:56,3277836,Compra,8433822108,568,3,3,567,false,false,false
569,2024-02-28 00:36:33,3171542,Retiro,6613695297,569,3,298,568,false,false,false
570,2024-02-28 07:16:05,2832064,Depósito,8163285933,570,1,299,569,false,false,false
571,2024-02-28 12:54:44,1992066,Retiro,3433909728,571,1,3,570,false,false,false
572,2024-02-28 03:50:14,1795429,Pago,4319035131,572,3,300,571,false,false,false
573,2024-02-28 15:49:30,2166233,Transferencia,8506134877,573,1,3,572,false,false,false
574,2024-02-28 04:56:09,1861835,Depósito,7470096616,574,2,301,573,false,false,false
575,2024-02-28 04:43:17,4124109,Depósito,3261155939,575,5,302,574,false,false,false
576,2024-02-28 14:05:46,864360,Compra,2599548052,576,1,303,575,false,false,false
577,2024-02-28 14:58:06,3744455,Depósito,3665655336,577,3,3,576,false,false,false
578,2024-02-28 02:19:40,1294593,Transferencia,3385726276,578,5,304,577,false,false,false
579,2024-02-28 15:44:12,1517612,Depósito,7742055326,579,1,3,578,false,false,false
580,2024-02-28 07:55:35,4516714,Depósito,6901689816,580,1,3,579,false,false,false
581,2024-02-28 06:29:28,3966711,Retiro,2107006631,581,5,3,580,false,false,false
582,2024-02-28 18:18:45,253697,Compra,6044218448,582,3,305,581,false,false,false
583,2024-02-28 12:05:05,1302675,Pago,5756815100,583,3,3,582,false,false,false
584,2024-02-28 13:29:48,4148380,Retiro,7486211038,584,4,3,583,false,false,false
585,2024-02-28 14:22:33,2321100,Retiro,6021458465,585,5,3,584,false,false,false
586,2024-02-28 01:42:09,4347795,Depósito,7656787635,586,3,3,585,false,false,false
587,2024-02-28 12:45:06,3789259,Retiro,8045216913,587,5,306,586,false,false,false
588,2024-02-28 03:03:33,1668686,Pago,4882075732,588,3,3,587,false,false,false
589,2024-02-28 23:51:26,3086806,Pago,1858496988,589,5,307,588,false,false,false
590,2024-02-28 21:57:35,4457905,Depósito,7094593077,590,3,3,589,false,false,false
591,2024-02-28 12:11:18,3394776,Depósito,1884750998,591,3,308,590,false,false,false
592,2024-02-28 17:37:39,1247523,Pago,8985011977,592,2,309,591,false,false,false
593,2024-02-28 15:55:03,642152,Retiro,9688782335,593,1,310,592,false,false,false
594,2024-02-28 17:51:18,1536430,Depósito,3382623723,594,5,3,593,false,false,false
595,2024-02-28 11:52:05,1169646,Depósito,4014469945,595,4,3,594,false,false,false
596,2024-02-28 03:21:51,2195121,Compra,5346808938,596,4,3,595,false,false,false
597,2024-02-28 14:29:15,2877755,Pago,6268748853,597,4,3,596,false,false,false
598,2024-02-28 10:26:28,583573,Retiro,1532103932,598,3,3,597,false,false,false
599,2024-02-28 15:38:27,4298857,Transferencia,6438981782,599,3,3,598,false,false,false
600,2024-02-28 12:01:59,1599712,Depósito,2218095745,600,1,3,599,false,false,false
601,2024-02-28 12:12:29,1344346,Compra,6081176869,601,5,311,600,false,false,false
602,2024-02-28 00:50:49,3815766,Retiro,7571138338,602,2,3,601,false,false,false
603,2024-02-28 14:18:34,1282734,Depósito,1903357922,603,2,312,602,false,false,false
604,2024-02-28 12:11:34,3476013,Compra,4627914827,604,4,3,603,false,false,false
605,2024-02-28 22:13:22,4106431,Pago,6202439783,605,2,3,604,false,false,false
606,2024-02-28 15:43:12,4792909,Depósito,8708906488,606,1,3,605,false,false,false
607,2024-02-28 20:34:59,1415640,Pago,6740425075,607,1,313,606,false,false,false
608,2024-02-28 09:19:46,4563614,Depósito,3872860970,608,3,314,607,false,false,false
609,2024-02-28 20:53:48,216319,Pago,7950227357,609,5,3,608,false,false,false
610,2024-02-28 18:43:48,3343503,Compra,8207614207,610,2,315,609,false,false,false
611,2024-02-28 06:43:23,91888,Pago,4541139968,611,2,316,610,false,false,false
612,2024-02-28 13:59:35,4619772,Compra,4586067586,612,2,3,611,false,false,false
613,2024-02-28 06:26:50,1552032,Depósito,9551992707,613,3,3,612,false,false,false
614,2024-02-28 07:44:24,1039143,Depósito,6907562875,614,5,317,613,false,false,false
615,2024-02-28 11:34:33,2591156,Pago,7219965662,615,5,318,614,false,false,false
616,2024-02-28 02:41:24,53863,Compra,5061861793,616,2,319,615,false,false,false
617,2024-02-28 01:21:21,3127611,Transferencia,4729639784,617,4,320,616,false,false,false
618,2024-02-28 06:40:19,3245195,Pago,3794201837,618,1,321,617,false,false,false
619,2024-02-28 08:12:53,4578843,Compra,1724699356,619,4,322,618,false,false,false
620,2024-02-28 02:44:33,314876,Transferencia,1746782145,620,4,323,619,false,false,false
621,2024-02-28 20:39:49,2035651,Pago,4953215746,621,4,3,620,false,false,false
622,2024-02-28 12:13:29,3964565,Retiro,6664818071,622,1,3,621,false,false,false
623,2024-02-28 22:17:07,3964662,Depósito,4231488145,623,4,3,622,false,false,false
624,2024-02-28 08:58:20,4709130,Pago,2424759024,624,5,3,623,false,false,false
625,2024-02-28 14:49:19,3170899,Depósito,6997129601,625,1,3,624,false,false,false
626,2024-02-28 07:10:17,3676460,Transferencia,8371336703,626,5,3,625,false,false,false
627,2024-02-28 22:27:13,1785384,Depósito,4173972047,627,1,3,626,false,false,false
628,2024-02-28 16:27:50,1130864,Pago,8270140650,628,4,324,627,false,false,false
629,2024-02-28 11:31:40,3283584,Retiro,4644898974,629,5,3,628,false,false,false
630,2024-02-28 04:34:46,492202,Retiro,7794901606,630,5,3,629,false,false,false
631,2024-02-28 05:24:50,355780,Transferencia,5465930634,631,2,325,630,false,false,false
632,2024-02-28 10:14:28,455511,Compra,3431207351,632,3,3,631,false,false,false
633,2024-02-28 22:13:10,1738291,Compra,5905281432,633,2,326,632,false,false,false
634,2024-02-28 16:52:19,3674099,Pago,5507665949,634,4,3,633,false,false,false
635,2024-02-28 15:57:16,3971370,Pago,3480076704,635,1,327,634,false,false,false
636,2024-02-28 02:25:55,2315734,Compra,1549225027,636,4,328,635,false,false,false
637,2024-02-28 02:06:21,2426073,Compra,3072666274,637,4,3,636,false,false,false
638,2024-02-28 03:34:03,4784934,Pago,6122921176,638,3,329,637,false,false,false
639,2024-02-28 04:47:16,754414,Compra,4444489728,639,2,330,638,false,false,false
640,2024-02-28 20:01:13,3764560,Retiro,9105193437,640,3,3,639,false,false,false
641,2024-02-28 15:02:36,987504,Pago,6529620907,641,3,331,640,false,false,false
642,2024-02-28 07:41:51,2489094,Retiro,3920598645,642,2,3,641,false,false,false
643,2024-02-28 22:08:36,3871614,Transferencia,3965490885,643,5,3,642,false,false,false
644,2024-02-28 08:16:18,1696399,Transferencia,2466082221,644,1,3,643,false,false,false
645,2024-02-28 03:36:23,2094580,Retiro,3249317031,645,3,3,644,false,false,false
646,2024-02-28 14:04:25,3052710,Retiro,5232057154,646,1,3,645,false,false,false
647,2024-02-28 17:44:43,2429426,Depósito,8528341641,647,2,332,646,false,false,false
648,2024-02-28 04:03:27,3078293,Transferencia,8611535842,648,5,333,647,false,false,false
649,2024-02-28 18:29:55,4888307,Pago,1462728561,649,1,334,648,false,false,false
650,2024-02-28 10:32:47,2840299,Depósito,3909439990,650,1,335,649,false,false,false
651,2024-02-28 14:20:27,1215824,Depósito,6154306082,651,2,336,650,false,false,false
652,2024-02-28 12:22:27,2854813,Transferencia,9646439788,652,4,337,651,false,false,false
653,2024-02-28 09:04:58,807889,Compra,1333210136,653,1,338,652,false,false,false
654,2024-02-28 22:37:39,2559430,Pago,6821232416,654,5,3,653,false,false,false
655,2024-02-28 14:55:49,3435501,Transferencia,2424359773,655,4,339,654,false,false,false
656,2024-02-28 18:53:59,4683070,Transferencia,3126799973,656,2,340,655,false,false,false
657,2024-02-28 07:03:20,732638,Retiro,3223246328,657,5,3,656,false,false,false
658,2024-02-28 19:51:17,121197,Depósito,4371189904,658,2,3,657,false,false,false
659,2024-02-28 22:17:21,2816689,Transferencia,7654512785,659,1,341,658,false,false,false
660,2024-02-28 04:01:26,1808231,Depósito,9179577617,660,1,342,659,false,false,false
661,2024-02-28 07:24:13,645054,Depósito,9677414276,661,5,3,660,false,false,false
662,2024-02-28 03:46:43,710903,Retiro,1059675951,662,1,3,661,false,false,false
663,2024-02-28 09:49:43,2126257,Transferencia,2447437235,663,1,3,662,false,false,false
664,2024-02-28 13:56:52,2053378,Compra,6088221558,664,4,3,663,false,false,false
665,2024-02-28 08:51:11,2249338,Pago,6266562565,665,4,343,664,false,false,false
666,2024-02-28 02:35:09,3825141,Transferencia,5688055351,666,2,3,665,false,false,false
667,2024-02-28 09:48:22,4674296,Depósito,5793514776,667,5,344,666,false,false,false
668,2024-02-28 13:50:40,676740,Depósito,8308100746,668,5,3,667,false,false,false
669,2024-02-28 20:33:29,4650319,Compra,2820357786,669,2,3,668,false,false,false
670,2024-02-28 09:15:20,2983455,Transferencia,1350877252,670,2,3,669,false,false,false
671,2024-02-28 01:55:14,1184844,Pago,7502732024,671,2,3,670,false,false,false
672,2024-02-28 21:54:11,3363389,Compra,2643751868,672,3,345,671,false,false,false
673,2024-02-28 12:05:46,678920,Retiro,4752750270,673,1,346,672,false,false,false
674,2024-02-28 11:45:06,1914718,Transferencia,7236068596,674,3,347,673,false,false,false
675,2024-02-28 09:40:52,4346998,Compra,9176029313,675,4,348,674,false,false,false
676,2024-02-28 23:28:15,1255743,Depósito,2403967601,676,5,349,675,false,false,false
677,2024-02-28 03:08:27,4652921,Pago,5164392922,677,3,350,676,false,false,false
678,2024-02-28 17:45:50,1660738,Retiro,9825796927,678,5,351,677,false,false,false
679,2024-02-28 12:10:12,504558,Depósito,8703667890,679,1,352,678,false,false,false
680,2024-02-28 11:44:29,4039089,Compra,8957214664,680,3,3,679,false,false,false
681,2024-02-28 15:30:40,2459737,Transferencia,7744047592,681,4,3,680,false,false,false
682,2024-02-28 21:32:51,2913529,Depósito,8934018136,682,5,3,681,false,false,false
683,2024-02-28 04:58:12,4389950,Compra,2736384811,683,3,3,682,false,false,false
684,2024-02-28 21:41:36,3920237,Compra,2527698487,684,1,353,683,false,false,false
685,2024-02-28 18:53:02,1035882,Retiro,3471325140,685,4,3,684,false,false,false
686,2024-02-28 20:06:59,1623064,Pago,9965209937,686,1,3,685,false,false,false
687,2024-02-28 19:58:29,3345243,Transferencia,9694324714,687,3,3,686,false,false,false
688,2024-02-28 23:28:06,3041928,Transferencia,3595929688,688,5,3,687,false,false,false
689,2024-02-28 17:37:24,254378,Depósito,7667071028,689,4,3,688,false,false,false
690,2024-02-28 23:57:19,2512313,Depósito,3895463414,690,2,3,689,false,false,false
691,2024-02-28 00:34:46,4271100,Transferencia,2692563727,691,5,3,690,false,false,false
692,2024-02-28 16:40:52,4967702,Transferencia,5411508565,692,2,3,691,false,false,false
693,2024-02-28 04:19:21,560228,Depósito,8093955958,693,4,3,692,false,false,false
694,2024-02-28 18:14:12,2236919,Transferencia,9035040457,694,5,354,693,false,false,false
695,2024-02-28 05:11:58,4927921,Depósito,5319948713,695,4,3,694,false,false,false
696,2024-02-28 03:52:06,717406,Transferencia,9033823928,696,2,355,695,false,false,false
697,2024-02-28 09:48:17,2167051,Retiro,3642461131,697,5,3,696,false,false,false
698,2024-02-28 01:11:00,1045261,Retiro,7370316834,698,4,356,697,false,false,false
699,2024-02-28 06:59:10,1381238,Depósito,4287436830,699,5,357,698,false,false,false
700,2024-02-28 04:42:27,4594379,Compra,5827098862,700,3,3,699,false,false,false
701,2024-02-28 03:37:06,4142241,Compra,3696429060,701,1,3,700,false,false,false
702,2024-02-28 23:47:27,1603267,Retiro,6426077687,702,1,358,701,false,false,false
703,2024-02-28 08:41:32,115043,Retiro,2357964641,703,3,359,702,false,false,false
704,2024-02-28 17:02:32,3648227,Compra,2305197237,704,2,3,703,false,false,false
705,2024-02-28 01:49:41,4568641,Pago,9903938403,705,5,3,704,false,false,false
706,2024-02-28 23:23:03,1848760,Transferencia,7448568249,706,1,3,705,false,false,false
707,2024-02-28 20:42:06,4049119,Compra,7251653777,707,5,360,706,false,false,false
708,2024-02-28 21:46:29,3563442,Compra,6603576218,708,5,361,707,false,false,false
709,2024-02-28 11:15:29,743243,Retiro,7983034919,709,5,3,708,false,false,false
710,2024-02-28 11:31:30,439667,Depósito,9237753673,710,4,3,709,false,false,false
711,2024-02-28 13:06:24,1750034,Pago,7879192277,711,1,3,710,false,false,false
712,2024-02-28 18:43:17,4590701,Transferencia,1991915149,712,4,362,711,false,false,false
713,2024-02-28 20:58:04,3968924,Compra,9519056886,713,1,3,712,false,false,false
714,2024-02-28 22:52:50,2544397,Compra,8517102182,714,2,363,713,false,false,false
715,2024-02-28 13:30:43,2740997,Retiro,1098076409,715,3,364,714,false,false,false
716,2024-02-28 16:05:13,2368007,Pago,3094420137,716,2,365,715,false,false,false
717,2024-02-28 01:43:05,1620947,Compra,3524374864,717,4,366,716,false,false,false
718,2024-02-28 00:47:14,2525327,Compra,7352748407,718,5,367,717,false,false,false
719,2024-02-28 04:31:16,375644,Depósito,3266521560,719,5,3,718,false,false,false
720,2024-02-28 15:11:35,1606932,Pago,1292358948,720,5,3,719,false,false,false
721,2024-02-28 22:39:52,4642270,Retiro,1634577076,721,3,3,720,false,false,false
722,2024-02-28 13:30:15,353079,Pago,1830528927,722,1,3,721,false,false,false
723,2024-02-28 17:26:14,4539507,Compra,7766189374,723,2,3,722,false,false,false
724,2024-02-28 09:10:51,1731326,Pago,7238652383,724,3,368,723,false,false,false
725,2024-02-28 14:10:45,1626669,Depósito,7324374637,725,2,369,724,false,false,false
726,2024-02-28 22:01:32,1307138,Depósito,8203767888,726,2,370,725,false,false,false
727,2024-02-28 04:10:05,2396880,Depósito,7423952144,727,4,3,726,false,false,false
728,2024-02-28 00:55:05,3417041,Depósito,2649044564,728,1,3,727,false,false,false
729,2024-02-28 18:05:17,3306762,Depósito,2301607019,729,2,3,728,false,false,false
730,2024-02-28 15:11:58,1992900,Compra,3152292679,730,1,371,729,false,false,false
731,2024-02-28 15:29:01,1535658,Depósito,4613118143,731,3,3,730,false,false,false
732,2024-02-28 16:58:29,3524280,Pago,8555124433,732,1,372,731,false,false,false
733,2024-02-28 01:25:38,3813083,Pago,3740741701,733,3,3,732,false,false,false
734,2024-02-28 03:19:38,1180247,Pago,2285264437,734,3,3,733,false,false,false
735,2024-02-28 12:46:44,657431,Compra,3322630976,735,4,373,734,false,false,false
736,2024-02-28 07:22:15,4466590,Compra,2783265634,736,3,374,735,false,false,false
737,2024-02-28 20:43:50,1612838,Depósito,8807593356,737,1,375,736,false,false,false
738,2024-02-28 16:19:27,869336,Retiro,9144967616,738,3,376,737,false,false,false
739,2024-02-28 17:57:17,1887919,Compra,8157468958,739,1,377,738,false,false,false
740,2024-02-28 15:58:15,2998344,Compra,7868115956,740,3,378,739,false,false,false
741,2024-02-28 13:23:24,540927,Retiro,6326210412,741,4,379,740,false,false,false
742,2024-02-28 01:30:27,3428114,Transferencia,6881837963,742,4,3,741,false,false,false
743,2024-02-28 14:07:13,4874690,Pago,8428606608,743,4,380,742,false,false,false
744,2024-02-28 21:58:52,96709,Retiro,4564446082,744,4,3,743,false,false,false
745,2024-02-28 18:46:41,2535183,Retiro,5753564782,745,5,381,744,false,false,false
746,2024-02-28 13:14:47,1202300,Transferencia,2494161826,746,4,3,745,false,false,false
747,2024-02-28 13:20:19,2166205,Pago,6436153423,747,3,3,746,false,false,false
748,2024-02-28 18:45:17,992016,Depósito,9121222254,748,5,3,747,false,false,false
749,2024-02-28 01:02:26,4987491,Transferencia,6872810326,749,1,382,748,false,false,false
750,2024-02-28 09:16:32,4333298,Compra,3836860229,750,1,383,749,false,false,false
751,2024-02-28 03:41:16,4520492,Pago,3608004652,751,1,3,750,false,false,false
752,2024-02-28 10:03:17,3510480,Compra,6870872154,752,3,384,751,false,false,false
753,2024-02-28 05:41:21,3261483,Retiro,3300909076,753,3,3,752,false,false,false
754,2024-02-28 11:50:26,4688298,Compra,9030525202,754,4,385,753,false,false,false
755,2024-02-28 17:37:43,415438,Compra,8525544936,755,2,386,754,false,false,false
756,2024-02-28 18:15:09,601097,Retiro,9606787120,756,4,3,755,false,false,false
757,2024-02-28 16:00:06,358620,Compra,2632741384,757,3,387,756,false,false,false
758,2024-02-28 08:37:19,2239855,Retiro,3223884217,758,3,388,757,false,false,false
759,2024-02-28 08:12:50,1591965,Retiro,8034359376,759,2,3,758,false,false,false
760,2024-02-28 15:47:13,4841834,Retiro,5540198999,760,2,3,759,false,false,false
761,2024-02-28 23:25:25,2863422,Retiro,3969126364,761,4,3,760,false,false,false
762,2024-02-28 02:31:47,4625873,Transferencia,1157417902,762,3,3,761,false,false,false
763,2024-02-28 16:12:34,4183305,Transferencia,6218886650,763,3,3,762,false,false,false
764,2024-02-28 10:52:42,3360501,Depósito,5065828913,764,4,3,763,false,false,false
765,2024-02-28 16:16:30,4197918,Depósito,1087125482,765,2,389,764,false,false,false
766,2024-02-28 17:32:24,4998287,Retiro,9208214486,766,4,3,765,false,false,false
767,2024-02-28 23:11:14,4537097,Depósito,3946242893,767,3,390,766,false,false,false
768,2024-02-28 23:39:00,3265807,Compra,6540073772,768,2,391,767,false,false,false
769,2024-02-28 01:03:09,4823604,Retiro,6100108787,769,2,392,768,false,false,false
770,2024-02-28 11:14:19,4252553,Retiro,1178182489,770,1,393,769,false,false,false
771,2024-02-28 17:49:52,4859622,Retiro,7937930535,771,2,3,770,false,false,false
772,2024-02-28 03:06:55,4575189,Depósito,1073991638,772,2,394,771,false,false,false
773,2024-02-28 12:25:26,2043292,Transferencia,8792669949,773,3,3,772,false,false,false
774,2024-02-28 21:00:44,1720442,Retiro,8115205653,774,5,395,773,false,false,false
775,2024-02-28 17:50:49,3544306,Pago,6255885240,775,5,3,774,false,false,false
776,2024-02-28 03:26:54,3809765,Compra,3901779569,776,5,3,775,false,false,false
777,2024-02-28 09:57:20,3943449,Pago,5946029635,777,4,3,776,false,false,false
778,2024-02-28 20:57:14,859139,Depósito,5240506866,778,1,396,777,false,false,false
779,2024-02-28 01:44:09,3619643,Depósito,9729729901,779,2,3,778,false,false,false
780,2024-02-28 04:02:04,3740861,Depósito,4588471798,780,1,397,779,false,false,false
781,2024-02-28 16:41:16,3813212,Depósito,5305498374,781,2,398,780,false,false,false
782,2024-02-28 19:17:47,4429948,Pago,1776075682,782,1,3,781,false,false,false
783,2024-02-28 07:48:49,1927584,Retiro,5627126455,783,3,3,782,false,false,false
784,2024-02-28 23:25:08,209325,Compra,3020680639,784,2,3,783,false,false,false
785,2024-02-28 00:41:37,938591,Retiro,1255296233,785,3,399,784,false,false,false
786,2024-02-28 10:03:55,3409439,Retiro,8490207527,786,2,400,785,false,false,false
787,2024-02-28 14:11:22,3364075,Transferencia,6908517615,787,3,401,786,false,false,false
788,2024-02-28 01:18:08,425867,Pago,6689654413,788,2,402,787,false,false,false
789,2024-02-28 12:13:56,4078305,Retiro,6216740455,789,3,3,788,false,false,false
790,2024-02-28 15:42:19,2234864,Transferencia,5783847330,790,3,403,789,false,false,false
791,2024-02-28 14:39:10,1254664,Depósito,4938732292,791,3,404,790,false,false,false
792,2024-02-28 00:34:24,4297486,Transferencia,7090101940,792,1,405,791,false,false,false
793,2024-02-28 03:14:40,2906888,Compra,4478448482,793,2,3,792,false,false,false
794,2024-02-28 20:36:21,800658,Transferencia,8389821605,794,3,406,793,false,false,false
795,2024-02-28 05:58:10,1883205,Depósito,4158922597,795,2,3,794,false,false,false
796,2024-02-28 21:50:27,183252,Retiro,2988246789,796,2,407,795,false,false,false
797,2024-02-28 12:05:16,2594692,Retiro,2364123653,797,3,3,796,false,false,false
798,2024-02-28 03:17:13,4927795,Retiro,1263766226,798,2,3,797,false,false,false
799,2024-02-28 18:19:11,1106410,Pago,7050461936,799,1,408,798,false,false,false
800,2024-02-28 23:09:28,4459903,Transferencia,4948655876,800,4,409,799,false,false,false
801,2024-02-28 10:29:10,2728151,Retiro,4799416773,801,3,3,800,false,false,false
802,2024-02-28 20:59:52,3274396,Transferencia,9911534283,802,5,410,801,false,false,false
803,2024-02-28 20:08:45,2685035,Pago,4544509837,803,1,3,802,false,false,false
804,2024-02-28 20:14:03,1459245,Compra,3601885553,804,2,411,803,false,false,false
805,2024-02-28 06:29:20,4317065,Depósito,5219605464,805,5,3,804,false,false,false
806,2024-02-28 10:56:38,2163455,Transferencia,6993982918,806,2,3,805,false,false,false
807,2024-02-28 18:09:05,4502276,Pago,9116856163,807,2,412,806,false,false,false
808,2024-02-28 08:59:16,3394985,Retiro,5084030340,808,2,3,807,false,false,false
809,2024-02-28 07:45:17,3091741,Compra,4796781768,809,2,3,808,false,false,false
810,2024-02-28 06:17:55,1359629,Retiro,4164568984,810,5,3,809,false,false,false
811,2024-02-28 13:21:09,4060723,Retiro,1532688271,811,5,413,810,false,false,false
812,2024-02-28 13:23:31,2196311,Pago,8243425313,812,3,3,811,false,false,false
813,2024-02-28 18:41:00,4051546,Retiro,8049213650,813,4,3,812,false,false,false
814,2024-02-28 19:36:22,4002069,Transferencia,7398317546,814,1,3,813,false,false,false
815,2024-02-28 14:39:26,4699868,Retiro,9959670141,815,1,3,814,false,false,false
816,2024-02-28 15:26:31,4183153,Retiro,7282604925,816,1,3,815,false,false,false
817,2024-02-28 23:40:05,3290177,Retiro,9021295917,817,1,3,816,false,false,false
818,2024-02-28 10:42:59,2211195,Depósito,6450054191,818,4,3,817,false,false,false
819,2024-02-28 23:16:02,1018115,Retiro,3925021263,819,2,414,818,false,false,false
820,2024-02-28 02:12:06,3427300,Depósito,7691530217,820,5,3,819,false,false,false
821,2024-02-28 00:15:30,2049147,Depósito,5396358671,821,5,3,820,false,false,false
822,2024-02-28 17:41:08,4996069,Retiro,6302462520,822,5,415,821,false,false,false
823,2024-02-28 13:28:08,3260338,Retiro,9655272639,823,5,3,822,false,false,false
824,2024-02-28 05:32:44,2205115,Depósito,9587670587,824,2,3,823,false,false,false
825,2024-02-28 05:41:18,1713745,Compra,3274196837,825,1,3,311,false,false,false
826,2024-02-28 06:58:46,4442996,Pago,6595613023,826,2,3,824,false,false,false
827,2024-02-28 03:23:10,3103894,Depósito,9167235946,827,5,416,825,false,false,false
828,2024-02-28 19:55:45,3277627,Transferencia,5026796343,828,3,3,826,false,false,false
829,2024-02-28 03:18:07,1889882,Retiro,9663146572,829,5,3,827,false,false,false
830,2024-02-28 09:29:53,1949516,Depósito,9845543777,830,3,3,828,false,false,false
831,2024-02-28 10:54:49,1559154,Transferencia,7883773378,831,4,417,829,false,false,false
832,2024-02-28 14:50:49,3731280,Compra,2609572774,832,2,418,830,false,false,false
833,2024-02-28 06:15:40,2192563,Pago,1793832801,833,5,3,831,false,false,false
834,2024-02-28 18:44:51,2668771,Compra,7457406313,834,4,3,832,false,false,false
835,2024-02-28 00:45:39,3504094,Depósito,2296060179,835,3,419,833,false,false,false
836,2024-02-28 10:18:05,3887249,Transferencia,9073852994,836,4,420,834,false,false,false
837,2024-02-28 21:40:44,2123913,Retiro,1080274594,837,3,3,835,false,false,false
838,2024-02-28 05:16:24,2631280,Retiro,5365235049,838,1,421,836,false,false,false
839,2024-02-28 21:19:23,3671735,Pago,3779636569,839,5,422,837,false,false,false
840,2024-02-28 07:50:12,2552101,Pago,3869542489,840,4,423,838,false,false,false
841,2024-02-28 02:47:30,1803286,Depósito,4464625412,841,3,3,839,false,false,false
842,2024-02-28 21:43:57,1201279,Transferencia,4152604711,842,1,3,840,false,false,false
843,2024-02-28 01:39:51,4444168,Compra,1848729960,843,2,3,841,false,false,false
844,2024-02-28 15:49:42,3168843,Pago,9488174233,844,2,3,842,false,false,false
845,2024-02-28 00:34:04,1764272,Transferencia,6266199761,845,5,3,843,false,false,false
846,2024-02-28 01:56:31,4486666,Retiro,7007652509,846,3,424,844,false,false,false
847,2024-02-28 07:00:58,1168454,Transferencia,8667633768,847,5,425,845,false,false,false
848,2024-02-28 23:04:20,1297064,Pago,4757910854,848,3,3,846,false,false,false
849,2024-02-28 21:04:41,4295811,Depósito,8063614130,849,4,426,847,false,false,false
850,2024-02-28 14:34:45,1151577,Retiro,6979563842,850,4,3,848,false,false,false
851,2024-02-28 13:50:06,136542,Compra,5623499405,851,3,3,849,false,false,false
852,2024-02-28 11:13:06,3565074,Retiro,7965641413,852,2,427,850,false,false,false
853,2024-02-28 19:14:16,804377,Compra,9892083342,853,2,3,851,false,false,false
854,2024-02-28 17:46:34,4137227,Pago,2817374363,854,4,428,852,false,false,false
855,2024-02-28 01:05:08,3195424,Compra,6017595240,855,5,3,853,false,false,false
856,2024-02-28 16:10:06,4515162,Retiro,7161154391,856,2,3,854,false,false,false
857,2024-02-28 16:21:48,4595784,Compra,6741416949,857,3,3,855,false,false,false
858,2024-02-28 22:01:49,2267920,Depósito,1600028119,858,3,429,856,false,false,false
859,2024-02-28 09:23:30,867466,Transferencia,6718729942,859,5,430,857,false,false,false
860,2024-02-28 08:45:26,1801318,Retiro,7906850912,860,4,3,858,false,false,false
861,2024-02-28 15:34:38,1960743,Compra,3427278640,861,3,3,859,false,false,false
862,2024-02-28 00:27:17,4415588,Retiro,8655821105,862,5,431,860,false,false,false
863,2024-02-28 22:12:45,4075792,Depósito,6330070000,863,3,432,861,false,false,false
864,2024-02-28 07:02:00,3581009,Compra,7797860530,864,5,3,862,false,false,false
865,2024-02-28 23:24:09,4756033,Retiro,7171418558,865,2,433,863,false,false,false
866,2024-02-28 02:17:18,3920903,Pago,4797451399,866,2,3,864,false,false,false
867,2024-02-28 23:38:30,690706,Retiro,5373253845,867,4,434,865,false,false,false
868,2024-02-28 22:14:35,270572,Pago,4327778489,868,4,435,866,false,false,false
869,2024-02-28 01:29:36,4558648,Depósito,5985520982,869,4,436,867,false,false,false
870,2024-02-28 21:28:02,3299895,Depósito,8206826303,870,1,437,868,false,false,false
871,2024-02-28 11:05:03,396540,Pago,1670905767,871,1,3,869,false,false,false
872,2024-02-28 16:47:17,4498128,Retiro,7668963241,872,2,438,870,false,false,false
873,2024-02-28 04:25:43,4831618,Retiro,9158527498,873,2,3,871,false,false,false
874,2024-02-28 18:39:12,4182369,Retiro,7226754741,874,2,3,872,false,false,false
875,2024-02-28 16:37:13,1846277,Retiro,8219692792,875,3,439,873,false,false,false
876,2024-02-28 10:19:45,22806,Pago,8126122306,876,2,3,874,false,false,false
877,2024-02-28 05:12:49,2701686,Depósito,4299103310,877,4,3,875,false,false,false
878,2024-02-28 02:05:52,4655278,Transferencia,2279568735,878,1,3,876,false,false,false
879,2024-02-28 22:14:47,4342063,Compra,1206863796,879,4,440,877,false,false,false
880,2024-02-28 21:57:19,2560828,Transferencia,6200261609,880,3,441,878,false,false,false
881,2024-02-28 19:41:51,1517956,Depósito,6669059175,881,2,3,879,false,false,false
882,2024-02-28 02:45:39,3820277,Depósito,7764430778,882,5,442,880,false,false,false
883,2024-02-28 12:19:52,2635646,Depósito,1943240310,883,4,443,881,false,false,false
884,2024-02-28 12:17:07,3619670,Retiro,5876541093,884,2,3,882,false,false,false
885,2024-02-28 22:31:36,2540013,Pago,5384976734,885,1,3,883,false,false,false
886,2024-02-28 20:17:56,3803260,Compra,4097395523,886,4,444,884,false,false,false
887,2024-02-28 10:23:41,2315480,Pago,8182023724,887,1,3,885,false,false,false
888,2024-02-28 23:44:05,2093519,Pago,3181905980,888,5,445,886,false,false,false
889,2024-02-28 08:35:09,1677222,Retiro,4356533241,889,2,446,887,false,false,false
890,2024-02-28 15:27:53,2656658,Retiro,6768226775,890,5,3,888,false,false,false
891,2024-02-28 19:23:03,3855922,Pago,8404894109,891,4,447,889,false,false,false
892,2024-02-28 09:27:56,3110828,Transferencia,5512022639,892,3,3,890,false,false,false
893,2024-02-28 19:19:46,893437,Depósito,9124151158,893,4,448,891,false,false,false
894,2024-02-28 11:02:10,1091137,Transferencia,6561471289,894,5,449,892,false,false,false
895,2024-02-28 15:20:37,3251098,Compra,4576535928,895,1,450,893,false,false,false
896,2024-02-28 12:26:52,511868,Depósito,4916853381,896,3,451,894,false,false,false
897,2024-02-28 11:31:15,3989869,Compra,6345414009,897,5,3,895,false,false,false
898,2024-02-28 03:23:19,2757443,Depósito,3093038468,898,5,3,896,false,false,false
899,2024-02-28 14:10:57,3152070,Depósito,6399877200,899,4,452,897,false,false,false
900,2024-02-28 07:06:57,176856,Transferencia,7636929722,900,4,453,898,false,false,false
901,2024-02-28 14:57:06,836377,Compra,9430194985,901,4,3,899,false,false,false
