fecha,aÃ±o,mes,dÃ­a,dÃ­a_semana,id_fecha
2024-02-28 05:30:54,2024,2,28,Wednesday,1
2024-02-28 06:59:27,2024,2,28,Wednesday,2
2024-02-28 08:48:17,2024,2,28,Wednesday,3
2024-02-28 19:06:37,2024,2,28,Wednesday,4
2024-02-28 19:10:56,2024,2,28,Wednesday,5
2024-02-28 22:48:55,2024,2,28,Wednesday,6
2024-02-28 22:30:04,2024,2,28,Wednesday,7
2024-02-28 11:09:34,2024,2,28,Wednesday,8
2024-02-28 23:24:37,2024,2,28,Wednesday,9
2024-02-28 09:49:32,2024,2,28,Wednesday,10
2024-02-28 17:14:42,2024,2,28,Wednesday,11
2024-02-28 22:18:53,2024,2,28,Wednesday,12
2024-02-28 09:57:04,2024,2,28,Wednesday,13
2024-02-28 04:37:19,2024,2,28,Wednesday,14
2024-02-28 20:36:27,2024,2,28,Wednesday,15
2024-02-28 07:20:30,2024,2,28,Wednesday,16
2024-02-28 05:51:52,2024,2,28,Wednesday,17
2024-02-28 18:24:12,2024,2,28,Wednesday,18
2024-02-28 21:52:01,2024,2,28,Wednesday,19
2024-02-28 17:39:12,2024,2,28,Wednesday,20
2024-02-28 23:43:48,2024,2,28,Wednesday,21
2024-02-28 13:47:39,2024,2,28,Wednesday,22
2024-02-28 06:34:57,2024,2,28,Wednesday,23
2024-02-28 22:59:42,2024,2,28,Wednesday,24
2024-02-28 19:44:29,2024,2,28,Wednesday,25
2024-02-28 00:19:05,2024,2,28,Wednesday,26
2024-02-28 12:30:06,2024,2,28,Wednesday,27
2024-02-28 12:47:11,2024,2,28,Wednesday,28
2024-02-28 08:42:19,2024,2,28,Wednesday,29
2024-02-28 18:09:40,2024,2,28,Wednesday,30
2024-02-28 07:01:08,2024,2,28,Wednesday,31
2024-02-28 04:19:52,2024,2,28,Wednesday,32
2024-02-28 07:07:42,2024,2,28,Wednesday,33
2024-02-28 05:32:40,2024,2,28,Wednesday,34
2024-02-28 22:11:53,2024,2,28,Wednesday,35
2024-02-28 04:28:07,2024,2,28,Wednesday,36
2024-02-28 00:18:22,2024,2,28,Wednesday,37
2024-02-28 14:48:47,2024,2,28,Wednesday,38
2024-02-28 04:15:07,2024,2,28,Wednesday,39
2024-02-28 21:46:45,2024,2,28,Wednesday,40
2024-02-28 02:33:03,2024,2,28,Wednesday,41
2024-02-28 18:51:40,2024,2,28,Wednesday,42
2024-02-28 09:16:48,2024,2,28,Wednesday,43
2024-02-28 07:54:16,2024,2,28,Wednesday,44
2024-02-28 10:14:05,2024,2,28,Wednesday,45
2024-02-28 11:07:41,2024,2,28,Wednesday,46
2024-02-28 06:31:40,2024,2,28,Wednesday,47
2024-02-28 13:18:06,2024,2,28,Wednesday,48
2024-02-28 06:06:27,2024,2,28,Wednesday,49
2024-02-28 22:13:47,2024,2,28,Wednesday,50
2024-02-28 10:28:31,2024,2,28,Wednesday,51
2024-02-28 03:22:28,2024,2,28,Wednesday,52
2024-02-28 10:26:21,2024,2,28,Wednesday,53
2024-02-28 12:53:56,2024,2,28,Wednesday,54
2024-02-28 22:21:13,2024,2,28,Wednesday,55
2024-02-28 04:33:08,2024,2,28,Wednesday,56
2024-02-28 16:44:16,2024,2,28,Wednesday,57
2024-02-28 06:05:16,2024,2,28,Wednesday,58
2024-02-28 07:17:29,2024,2,28,Wednesday,59
2024-02-28 02:05:36,2024,2,28,Wednesday,60
2024-02-28 11:20:03,2024,2,28,Wednesday,61
2024-02-28 04:43:58,2024,2,28,Wednesday,62
2024-02-28 06:53:25,2024,2,28,Wednesday,63
2024-02-28 08:22:45,2024,2,28,Wednesday,64
2024-02-28 02:51:44,2024,2,28,Wednesday,65
2024-02-28 21:59:19,2024,2,28,Wednesday,66
2024-02-28 02:04:58,2024,2,28,Wednesday,67
2024-02-28 02:49:33,2024,2,28,Wednesday,68
2024-02-28 23:26:32,2024,2,28,Wednesday,69
2024-02-28 21:58:40,2024,2,28,Wednesday,70
2024-02-28 17:25:02,2024,2,28,Wednesday,71
2024-02-28 15:12:29,2024,2,28,Wednesday,72
2024-02-28 00:44:16,2024,2,28,Wednesday,73
2024-02-28 13:22:13,2024,2,28,Wednesday,74
2024-02-28 15:08:35,2024,2,28,Wednesday,75
2024-02-28 11:51:17,2024,2,28,Wednesday,76
2024-02-28 17:49:26,2024,2,28,Wednesday,77
2024-02-28 11:53:16,2024,2,28,Wednesday,78
2024-02-28 02:28:32,2024,2,28,Wednesday,79
2024-02-28 11:29:51,2024,2,28,Wednesday,80
2024-02-28 14:58:12,2024,2,28,Wednesday,81
2024-02-28 07:55:26,2024,2,28,Wednesday,82
2024-02-28 00:03:30,2024,2,28,Wednesday,83
2024-02-28 07:31:40,2024,2,28,Wednesday,84
2024-02-28 19:57:27,2024,2,28,Wednesday,85
2024-02-28 10:09:48,2024,2,28,Wednesday,86
2024-02-28 05:02:20,2024,2,28,Wednesday,87
2024-02-28 20:43:55,2024,2,28,Wednesday,88
2024-02-28 19:24:41,2024,2,28,Wednesday,89
2024-02-28 15:13:17,2024,2,28,Wednesday,90
2024-02-28 03:05:09,2024,2,28,Wednesday,91
2024-02-28 00:42:01,2024,2,28,Wednesday,92
2024-02-28 04:46:24,2024,2,28,Wednesday,93
2024-02-28 00:34:38,2024,2,28,Wednesday,94
2024-02-28 15:39:41,2024,2,28,Wednesday,95
2024-02-28 07:00:50,2024,2,28,Wednesday,96
2024-02-28 23:57:54,2024,2,28,Wednesday,97
2024-02-28 20:48:28,2024,2,28,Wednesday,98
2024-02-28 05:18:56,2024,2,28,Wednesday,99
2024-02-28 21:27:23,2024,2,28,Wednesday,100
2024-02-28 22:55:05,2024,2,28,Wednesday,101
2024-02-28 18:52:49,2024,2,28,Wednesday,102
2024-02-28 14:59:26,2024,2,28,Wednesday,103
2024-02-28 15:01:09,2024,2,28,Wednesday,104
2024-02-28 07:15:37,2024,2,28,Wednesday,105
2024-02-28 19:28:11,2024,2,28,Wednesday,106
2024-02-28 05:03:44,2024,2,28,Wednesday,107
2024-02-28 00:11:10,2024,2,28,Wednesday,108
2024-02-28 03:13:37,2024,2,28,Wednesday,109
2024-02-28 04:36:55,2024,2,28,Wednesday,110
2024-02-28 02:38:59,2024,2,28,Wednesday,111
2024-02-28 21:14:12,2024,2,28,Wednesday,112
2024-02-28 08:17:01,2024,2,28,Wednesday,113
2024-02-28 09:09:55,2024,2,28,Wednesday,114
2024-02-28 06:34:47,2024,2,28,Wednesday,115
2024-02-28 02:52:06,2024,2,28,Wednesday,116
2024-02-28 09:28:43,2024,2,28,Wednesday,117
2024-02-28 01:52:16,2024,2,28,Wednesday,118
2024-02-28 00:01:52,2024,2,28,Wednesday,119
2024-02-28 17:38:02,2024,2,28,Wednesday,120
2024-02-28 12:44:45,2024,2,28,Wednesday,121
2024-02-28 01:30:48,2024,2,28,Wednesday,122
2024-02-28 12:52:31,2024,2,28,Wednesday,123
2024-02-28 13:47:59,2024,2,28,Wednesday,124
2024-02-28 15:17:37,2024,2,28,Wednesday,125
2024-02-28 21:21:36,2024,2,28,Wednesday,126
2024-02-28 04:18:26,2024,2,28,Wednesday,127
2024-02-28 01:52:51,2024,2,28,Wednesday,128
2024-02-28 04:45:50,2024,2,28,Wednesday,129
2024-02-28 20:03:48,2024,2,28,Wednesday,130
2024-02-28 02:47:16,2024,2,28,Wednesday,131
2024-02-28 05:17:19,2024,2,28,Wednesday,132
2024-02-28 15:53:42,2024,2,28,Wednesday,133
2024-02-28 11:35:58,2024,2,28,Wednesday,134
2024-02-28 09:24:04,2024,2,28,Wednesday,135
2024-02-28 09:51:52,2024,2,28,Wednesday,136
2024-02-28 08:42:39,2024,2,28,Wednesday,137
2024-02-28 03:47:34,2024,2,28,Wednesday,138
2024-02-28 16:22:11,2024,2,28,Wednesday,139
2024-02-28 09:33:59,2024,2,28,Wednesday,140
2024-02-28 10:44:29,2024,2,28,Wednesday,141
2024-02-28 08:40:21,2024,2,28,Wednesday,142
2024-02-28 21:49:22,2024,2,28,Wednesday,143
2024-02-28 22:35:21,2024,2,28,Wednesday,144
2024-02-28 16:46:12,2024,2,28,Wednesday,145
2024-02-28 06:55:33,2024,2,28,Wednesday,146
2024-02-28 23:32:39,2024,2,28,Wednesday,147
2024-02-28 01:38:24,2024,2,28,Wednesday,148
2024-02-28 16:04:04,2024,2,28,Wednesday,149
2024-02-28 04:26:13,2024,2,28,Wednesday,150
2024-02-28 15:38:12,2024,2,28,Wednesday,151
2024-02-28 10:46:48,2024,2,28,Wednesday,152
2024-02-28 11:49:38,2024,2,28,Wednesday,153
2024-02-28 23:36:12,2024,2,28,Wednesday,154
2024-02-28 00:19:18,2024,2,28,Wednesday,155
2024-02-28 06:36:59,2024,2,28,Wednesday,156
2024-02-28 21:43:51,2024,2,28,Wednesday,157
2024-02-28 09:56:37,2024,2,28,Wednesday,158
2024-02-28 14:06:25,2024,2,28,Wednesday,159
2024-02-28 11:43:56,2024,2,28,Wednesday,160
2024-02-28 09:46:14,2024,2,28,Wednesday,161
2024-02-28 21:16:51,2024,2,28,Wednesday,162
2024-02-28 17:22:55,2024,2,28,Wednesday,163
2024-02-28 07:43:18,2024,2,28,Wednesday,164
2024-02-28 02:49:04,2024,2,28,Wednesday,165
2024-02-28 00:12:53,2024,2,28,Wednesday,166
2024-02-28 18:34:08,2024,2,28,Wednesday,167
2024-02-28 07:38:07,2024,2,28,Wednesday,168
2024-02-28 03:22:22,2024,2,28,Wednesday,169
2024-02-28 15:18:31,2024,2,28,Wednesday,170
2024-02-28 17:21:57,2024,2,28,Wednesday,171
2024-02-28 08:07:34,2024,2,28,Wednesday,172
2024-02-28 09:52:25,2024,2,28,Wednesday,173
2024-02-28 10:19:07,2024,2,28,Wednesday,174
2024-02-28 17:53:18,2024,2,28,Wednesday,175
2024-02-28 20:29:39,2024,2,28,Wednesday,176
2024-02-28 08:12:56,2024,2,28,Wednesday,177
2024-02-28 22:33:53,2024,2,28,Wednesday,178
2024-02-28 05:08:37,2024,2,28,Wednesday,179
2024-02-28 19:53:30,2024,2,28,Wednesday,180
2024-02-28 20:38:05,2024,2,28,Wednesday,181
2024-02-28 11:29:33,2024,2,28,Wednesday,182
2024-02-28 17:43:48,2024,2,28,Wednesday,183
2024-02-28 08:58:46,2024,2,28,Wednesday,184
2024-02-28 04:19:48,2024,2,28,Wednesday,185
2024-02-28 15:02:55,2024,2,28,Wednesday,186
2024-02-28 06:03:45,2024,2,28,Wednesday,187
2024-02-28 03:26:58,2024,2,28,Wednesday,188
2024-02-28 11:44:31,2024,2,28,Wednesday,189
2024-02-28 04:17:02,2024,2,28,Wednesday,190
2024-02-28 21:55:57,2024,2,28,Wednesday,191
2024-02-28 07:20:37,2024,2,28,Wednesday,192
2024-02-28 23:43:11,2024,2,28,Wednesday,193
2024-02-28 01:05:00,2024,2,28,Wednesday,194
2024-02-28 11:34:57,2024,2,28,Wednesday,195
2024-02-28 09:25:40,2024,2,28,Wednesday,196
2024-02-28 23:44:07,2024,2,28,Wednesday,197
2024-02-28 07:21:04,2024,2,28,Wednesday,198
2024-02-28 15:24:35,2024,2,28,Wednesday,199
2024-02-28 21:06:28,2024,2,28,Wednesday,200
2024-02-28 19:29:16,2024,2,28,Wednesday,201
2024-02-28 22:51:37,2024,2,28,Wednesday,202
2024-02-28 19:40:51,2024,2,28,Wednesday,203
2024-02-28 18:15:47,2024,2,28,Wednesday,204
2024-02-28 04:20:29,2024,2,28,Wednesday,205
2024-02-28 17:24:05,2024,2,28,Wednesday,206
2024-02-28 09:10:09,2024,2,28,Wednesday,207
2024-02-28 23:59:38,2024,2,28,Wednesday,208
2024-02-28 03:38:30,2024,2,28,Wednesday,209
2024-02-28 04:16:22,2024,2,28,Wednesday,210
2024-02-28 16:40:47,2024,2,28,Wednesday,211
2024-02-28 16:33:11,2024,2,28,Wednesday,212
2024-02-28 00:58:47,2024,2,28,Wednesday,213
2024-02-28 23:27:43,2024,2,28,Wednesday,214
2024-02-28 16:45:24,2024,2,28,Wednesday,215
2024-02-28 14:37:01,2024,2,28,Wednesday,216
2024-02-28 05:07:34,2024,2,28,Wednesday,217
2024-02-28 09:13:15,2024,2,28,Wednesday,218
2024-02-28 10:53:04,2024,2,28,Wednesday,219
2024-02-28 17:14:55,2024,2,28,Wednesday,220
2024-02-28 02:06:28,2024,2,28,Wednesday,221
2024-02-28 01:10:32,2024,2,28,Wednesday,222
2024-02-28 17:29:55,2024,2,28,Wednesday,223
2024-02-28 18:17:51,2024,2,28,Wednesday,224
2024-02-28 11:51:11,2024,2,28,Wednesday,225
2024-02-28 08:51:32,2024,2,28,Wednesday,226
2024-02-28 14:21:20,2024,2,28,Wednesday,227
2024-02-28 06:08:43,2024,2,28,Wednesday,228
2024-02-28 21:58:59,2024,2,28,Wednesday,229
2024-02-28 15:20:06,2024,2,28,Wednesday,230
2024-02-28 09:38:17,2024,2,28,Wednesday,231
2024-02-28 16:33:12,2024,2,28,Wednesday,232
2024-02-28 16:54:47,2024,2,28,Wednesday,233
2024-02-28 10:08:39,2024,2,28,Wednesday,234
2024-02-28 06:32:32,2024,2,28,Wednesday,235
2024-02-28 18:13:13,2024,2,28,Wednesday,236
2024-02-28 00:58:24,2024,2,28,Wednesday,237
2024-02-28 05:29:07,2024,2,28,Wednesday,238
2024-02-28 10:20:47,2024,2,28,Wednesday,239
2024-02-28 08:03:27,2024,2,28,Wednesday,240
2024-02-28 19:33:49,2024,2,28,Wednesday,241
2024-02-28 23:22:03,2024,2,28,Wednesday,242
2024-02-28 02:12:56,2024,2,28,Wednesday,243
2024-02-28 10:06:38,2024,2,28,Wednesday,244
2024-02-28 19:21:04,2024,2,28,Wednesday,245
2024-02-28 07:19:04,2024,2,28,Wednesday,246
2024-02-28 09:08:15,2024,2,28,Wednesday,247
2024-02-28 20:25:33,2024,2,28,Wednesday,248
2024-02-28 19:07:08,2024,2,28,Wednesday,249
2024-02-28 05:45:41,2024,2,28,Wednesday,250
2024-02-28 09:09:06,2024,2,28,Wednesday,251
2024-02-28 02:27:34,2024,2,28,Wednesday,252
2024-02-28 17:27:22,2024,2,28,Wednesday,253
2024-02-28 05:48:21,2024,2,28,Wednesday,254
2024-02-28 15:29:54,2024,2,28,Wednesday,255
2024-02-28 12:42:18,2024,2,28,Wednesday,256
2024-02-28 11:51:20,2024,2,28,Wednesday,257
2024-02-28 03:33:20,2024,2,28,Wednesday,258
2024-02-28 22:45:05,2024,2,28,Wednesday,259
2024-02-28 14:51:21,2024,2,28,Wednesday,260
2024-02-28 14:40:28,2024,2,28,Wednesday,261
2024-02-28 17:15:50,2024,2,28,Wednesday,262
2024-02-28 11:13:43,2024,2,28,Wednesday,263
2024-02-28 10:40:49,2024,2,28,Wednesday,264
2024-02-28 17:35:06,2024,2,28,Wednesday,265
2024-02-28 06:08:12,2024,2,28,Wednesday,266
2024-02-28 22:59:38,2024,2,28,Wednesday,267
2024-02-28 22:43:00,2024,2,28,Wednesday,268
2024-02-28 04:05:12,2024,2,28,Wednesday,269
2024-02-28 15:14:35,2024,2,28,Wednesday,270
2024-02-28 21:47:39,2024,2,28,Wednesday,271
2024-02-28 06:58:54,2024,2,28,Wednesday,272
2024-02-28 12:27:06,2024,2,28,Wednesday,273
2024-02-28 19:52:44,2024,2,28,Wednesday,274
2024-02-28 15:27:08,2024,2,28,Wednesday,275
2024-02-28 09:56:05,2024,2,28,Wednesday,276
2024-02-28 11:47:22,2024,2,28,Wednesday,277
2024-02-28 21:05:41,2024,2,28,Wednesday,278
2024-02-28 00:30:32,2024,2,28,Wednesday,279
2024-02-28 16:44:37,2024,2,28,Wednesday,280
2024-02-28 10:01:54,2024,2,28,Wednesday,281
2024-02-28 15:28:58,2024,2,28,Wednesday,282
2024-02-28 13:37:25,2024,2,28,Wednesday,283
2024-02-28 07:51:07,2024,2,28,Wednesday,284
2024-02-28 21:25:27,2024,2,28,Wednesday,285
2024-02-28 17:36:57,2024,2,28,Wednesday,286
2024-02-28 00:09:15,2024,2,28,Wednesday,287
2024-02-28 18:05:05,2024,2,28,Wednesday,288
2024-02-28 05:36:36,2024,2,28,Wednesday,289
2024-02-28 16:03:36,2024,2,28,Wednesday,290
2024-02-28 08:00:54,2024,2,28,Wednesday,291
2024-02-28 19:54:01,2024,2,28,Wednesday,292
2024-02-28 12:48:38,2024,2,28,Wednesday,293
2024-02-28 03:48:48,2024,2,28,Wednesday,294
2024-02-28 09:01:21,2024,2,28,Wednesday,295
2024-02-28 19:39:20,2024,2,28,Wednesday,296
2024-02-28 01:38:19,2024,2,28,Wednesday,297
2024-02-28 23:49:28,2024,2,28,Wednesday,298
2024-02-28 17:29:48,2024,2,28,Wednesday,299
2024-02-28 20:15:06,2024,2,28,Wednesday,300
2024-02-28 01:57:54,2024,2,28,Wednesday,301
2024-02-28 17:19:03,2024,2,28,Wednesday,302
2024-02-28 22:43:56,2024,2,28,Wednesday,303
2024-02-28 15:31:09,2024,2,28,Wednesday,304
2024-02-28 08:09:59,2024,2,28,Wednesday,305
2024-02-28 08:57:38,2024,2,28,Wednesday,306
2024-02-28 23:35:32,2024,2,28,Wednesday,307
2024-02-28 09:18:06,2024,2,28,Wednesday,308
2024-02-28 02:22:47,2024,2,28,Wednesday,309
2024-02-28 02:26:30,2024,2,28,Wednesday,310
2024-02-28 03:06:24,2024,2,28,Wednesday,311
2024-02-28 11:23:50,2024,2,28,Wednesday,312
2024-02-28 17:38:54,2024,2,28,Wednesday,313
2024-02-28 21:31:08,2024,2,28,Wednesday,314
2024-02-28 06:31:16,2024,2,28,Wednesday,315
2024-02-28 23:05:57,2024,2,28,Wednesday,316
2024-02-28 00:41:28,2024,2,28,Wednesday,317
2024-02-28 12:56:29,2024,2,28,Wednesday,318
2024-02-28 15:00:51,2024,2,28,Wednesday,319
2024-02-28 09:58:01,2024,2,28,Wednesday,320
2024-02-28 04:32:26,2024,2,28,Wednesday,321
2024-02-28 20:54:33,2024,2,28,Wednesday,322
2024-02-28 23:09:14,2024,2,28,Wednesday,323
2024-02-28 12:37:16,2024,2,28,Wednesday,324
2024-02-28 00:02:01,2024,2,28,Wednesday,325
2024-02-28 17:28:21,2024,2,28,Wednesday,326
2024-02-28 06:47:51,2024,2,28,Wednesday,327
2024-02-28 01:20:18,2024,2,28,Wednesday,328
2024-02-28 12:49:59,2024,2,28,Wednesday,329
2024-02-28 12:29:09,2024,2,28,Wednesday,330
2024-02-28 09:56:47,2024,2,28,Wednesday,331
2024-02-28 05:15:17,2024,2,28,Wednesday,332
2024-02-28 08:54:27,2024,2,28,Wednesday,333
2024-02-28 19:07:53,2024,2,28,Wednesday,334
2024-02-28 10:44:30,2024,2,28,Wednesday,335
2024-02-28 05:41:18,2024,2,28,Wednesday,336
2024-02-28 12:48:19,2024,2,28,Wednesday,337
2024-02-28 13:39:23,2024,2,28,Wednesday,338
2024-02-28 08:34:27,2024,2,28,Wednesday,339
2024-02-28 14:54:43,2024,2,28,Wednesday,340
2024-02-28 08:53:24,2024,2,28,Wednesday,341
2024-02-28 11:10:41,2024,2,28,Wednesday,342
2024-02-28 04:12:49,2024,2,28,Wednesday,343
2024-02-28 11:00:08,2024,2,28,Wednesday,344
2024-02-28 13:31:23,2024,2,28,Wednesday,345
2024-02-28 05:18:55,2024,2,28,Wednesday,346
2024-02-28 04:00:09,2024,2,28,Wednesday,347
2024-02-28 01:40:24,2024,2,28,Wednesday,348
2024-02-28 10:58:52,2024,2,28,Wednesday,349
2024-02-28 20:27:30,2024,2,28,Wednesday,350
2024-02-28 03:57:32,2024,2,28,Wednesday,351
2024-02-28 02:53:03,2024,2,28,Wednesday,352
2024-02-28 19:39:15,2024,2,28,Wednesday,353
2024-02-28 03:28:35,2024,2,28,Wednesday,354
2024-02-28 03:18:29,2024,2,28,Wednesday,355
2024-02-28 20:52:43,2024,2,28,Wednesday,356
2024-02-28 15:07:08,2024,2,28,Wednesday,357
2024-02-28 21:06:42,2024,2,28,Wednesday,358
2024-02-28 06:31:17,2024,2,28,Wednesday,359
2024-02-28 04:56:44,2024,2,28,Wednesday,360
2024-02-28 22:09:29,2024,2,28,Wednesday,361
2024-02-28 06:47:55,2024,2,28,Wednesday,362
2024-02-28 15:41:11,2024,2,28,Wednesday,363
2024-02-28 14:41:12,2024,2,28,Wednesday,364
2024-02-28 16:46:41,2024,2,28,Wednesday,365
2024-02-28 16:03:34,2024,2,28,Wednesday,366
2024-02-28 23:53:33,2024,2,28,Wednesday,367
2024-02-28 21:17:06,2024,2,28,Wednesday,368
2024-02-28 20:24:51,2024,2,28,Wednesday,369
2024-02-28 06:02:57,2024,2,28,Wednesday,370
2024-02-28 04:48:21,2024,2,28,Wednesday,371
2024-02-28 20:28:47,2024,2,28,Wednesday,372
2024-02-28 02:18:40,2024,2,28,Wednesday,373
2024-02-28 15:07:14,2024,2,28,Wednesday,374
2024-02-28 09:48:00,2024,2,28,Wednesday,375
2024-02-28 04:20:54,2024,2,28,Wednesday,376
2024-02-28 02:30:34,2024,2,28,Wednesday,377
2024-02-28 16:54:01,2024,2,28,Wednesday,378
2024-02-28 08:20:13,2024,2,28,Wednesday,379
2024-02-28 02:25:21,2024,2,28,Wednesday,380
2024-02-28 07:28:21,2024,2,28,Wednesday,381
2024-02-28 20:18:49,2024,2,28,Wednesday,382
2024-02-28 12:36:50,2024,2,28,Wednesday,383
2024-02-28 11:23:59,2024,2,28,Wednesday,384
2024-02-28 20:39:16,2024,2,28,Wednesday,385
2024-02-28 05:44:44,2024,2,28,Wednesday,386
2024-02-28 18:38:52,2024,2,28,Wednesday,387
2024-02-28 00:44:02,2024,2,28,Wednesday,388
2024-02-28 22:36:22,2024,2,28,Wednesday,389
2024-02-28 02:46:40,2024,2,28,Wednesday,390
2024-02-28 09:51:31,2024,2,28,Wednesday,391
2024-02-28 05:42:03,2024,2,28,Wednesday,392
2024-02-28 04:28:40,2024,2,28,Wednesday,393
2024-02-28 21:21:51,2024,2,28,Wednesday,394
2024-02-28 04:14:21,2024,2,28,Wednesday,395
2024-02-28 08:45:40,2024,2,28,Wednesday,396
2024-02-28 17:59:47,2024,2,28,Wednesday,397
2024-02-28 01:09:46,2024,2,28,Wednesday,398
2024-02-28 17:23:22,2024,2,28,Wednesday,399
2024-02-28 13:18:17,2024,2,28,Wednesday,400
2024-02-28 18:20:49,2024,2,28,Wednesday,401
2024-02-28 00:42:45,2024,2,28,Wednesday,402
2024-02-28 21:41:06,2024,2,28,Wednesday,403
2024-02-28 14:31:57,2024,2,28,Wednesday,404
2024-02-28 20:09:19,2024,2,28,Wednesday,405
2024-02-28 00:44:33,2024,2,28,Wednesday,406
2024-02-28 03:49:12,2024,2,28,Wednesday,407
2024-02-28 07:14:32,2024,2,28,Wednesday,408
2024-02-28 17:39:07,2024,2,28,Wednesday,409
2024-02-28 08:08:37,2024,2,28,Wednesday,410
2024-02-28 22:50:48,2024,2,28,Wednesday,411
2024-02-28 10:43:59,2024,2,28,Wednesday,412
2024-02-28 15:45:27,2024,2,28,Wednesday,413
2024-02-28 16:49:03,2024,2,28,Wednesday,414
2024-02-28 06:30:49,2024,2,28,Wednesday,415
2024-02-28 02:02:23,2024,2,28,Wednesday,416
2024-02-28 16:54:52,2024,2,28,Wednesday,417
2024-02-28 13:51:42,2024,2,28,Wednesday,418
2024-02-28 04:42:02,2024,2,28,Wednesday,419
2024-02-28 06:08:22,2024,2,28,Wednesday,420
2024-02-28 07:10:50,2024,2,28,Wednesday,421
2024-02-28 08:43:05,2024,2,28,Wednesday,422
2024-02-28 22:06:37,2024,2,28,Wednesday,423
2024-02-28 23:01:24,2024,2,28,Wednesday,424
2024-02-28 08:27:53,2024,2,28,Wednesday,425
2024-02-28 08:37:01,2024,2,28,Wednesday,426
2024-02-28 10:24:09,2024,2,28,Wednesday,427
2024-02-28 01:05:57,2024,2,28,Wednesday,428
2024-02-28 23:30:25,2024,2,28,Wednesday,429
2024-02-28 16:31:07,2024,2,28,Wednesday,430
2024-02-28 14:50:10,2024,2,28,Wednesday,431
2024-02-28 19:09:10,2024,2,28,Wednesday,432
2024-02-28 12:56:39,2024,2,28,Wednesday,433
2024-02-28 23:36:01,2024,2,28,Wednesday,434
2024-02-28 13:55:22,2024,2,28,Wednesday,435
2024-02-28 10:38:14,2024,2,28,Wednesday,436
2024-02-28 16:38:34,2024,2,28,Wednesday,437
2024-02-28 01:25:28,2024,2,28,Wednesday,438
2024-02-28 13:57:44,2024,2,28,Wednesday,439
2024-02-28 05:53:07,2024,2,28,Wednesday,440
2024-02-28 08:03:23,2024,2,28,Wednesday,441
2024-02-28 16:18:46,2024,2,28,Wednesday,442
2024-02-28 23:14:49,2024,2,28,Wednesday,443
2024-02-28 03:07:54,2024,2,28,Wednesday,444
2024-02-28 22:43:40,2024,2,28,Wednesday,445
2024-02-28 05:44:24,2024,2,28,Wednesday,446
2024-02-28 02:43:39,2024,2,28,Wednesday,447
2024-02-28 21:22:45,2024,2,28,Wednesday,448
2024-02-28 21:24:30,2024,2,28,Wednesday,449
2024-02-28 02:27:17,2024,2,28,Wednesday,450
2024-02-28 06:05:12,2024,2,28,Wednesday,451
2024-02-28 05:27:25,2024,2,28,Wednesday,452
2024-02-28 02:31:21,2024,2,28,Wednesday,453
2024-02-28 18:57:41,2024,2,28,Wednesday,454
2024-02-28 18:45:28,2024,2,28,Wednesday,455
2024-02-28 21:49:03,2024,2,28,Wednesday,456
2024-02-28 23:42:28,2024,2,28,Wednesday,457
2024-02-28 06:36:24,2024,2,28,Wednesday,458
2024-02-28 09:25:18,2024,2,28,Wednesday,459
2024-02-28 10:44:17,2024,2,28,Wednesday,460
2024-02-28 17:52:49,2024,2,28,Wednesday,461
2024-02-28 02:37:47,2024,2,28,Wednesday,462
2024-02-28 20:10:14,2024,2,28,Wednesday,463
2024-02-28 09:39:19,2024,2,28,Wednesday,464
2024-02-28 07:46:05,2024,2,28,Wednesday,465
2024-02-28 13:21:31,2024,2,28,Wednesday,466
2024-02-28 12:02:19,2024,2,28,Wednesday,467
2024-02-28 07:39:58,2024,2,28,Wednesday,468
2024-02-28 19:34:09,2024,2,28,Wednesday,469
2024-02-28 03:16:45,2024,2,28,Wednesday,470
2024-02-28 22:23:22,2024,2,28,Wednesday,471
2024-02-28 13:25:54,2024,2,28,Wednesday,472
2024-02-28 23:44:42,2024,2,28,Wednesday,473
2024-02-28 11:47:32,2024,2,28,Wednesday,474
2024-02-28 09:07:04,2024,2,28,Wednesday,475
2024-02-28 11:52:47,2024,2,28,Wednesday,476
2024-02-28 10:59:36,2024,2,28,Wednesday,477
2024-02-28 14:35:29,2024,2,28,Wednesday,478
2024-02-28 03:37:27,2024,2,28,Wednesday,479
2024-02-28 17:23:56,2024,2,28,Wednesday,480
2024-02-28 01:02:32,2024,2,28,Wednesday,481
2024-02-28 09:18:54,2024,2,28,Wednesday,482
2024-02-28 18:19:27,2024,2,28,Wednesday,483
2024-02-28 07:20:04,2024,2,28,Wednesday,484
2024-02-28 17:53:05,2024,2,28,Wednesday,485
2024-02-28 21:41:15,2024,2,28,Wednesday,486
2024-02-28 00:05:28,2024,2,28,Wednesday,487
2024-02-28 03:25:43,2024,2,28,Wednesday,488
2024-02-28 16:12:25,2024,2,28,Wednesday,489
2024-02-28 09:36:45,2024,2,28,Wednesday,490
2024-02-28 18:56:25,2024,2,28,Wednesday,491
2024-02-28 14:30:27,2024,2,28,Wednesday,492
2024-02-28 00:32:28,2024,2,28,Wednesday,493
2024-02-28 23:15:22,2024,2,28,Wednesday,494
2024-02-28 23:38:36,2024,2,28,Wednesday,495
2024-02-28 08:18:27,2024,2,28,Wednesday,496
2024-02-28 13:46:19,2024,2,28,Wednesday,497
2024-02-28 14:10:05,2024,2,28,Wednesday,498
2024-02-28 04:13:17,2024,2,28,Wednesday,499
2024-02-28 10:23:37,2024,2,28,Wednesday,500
2024-02-28 17:49:36,2024,2,28,Wednesday,501
2024-02-28 15:04:37,2024,2,28,Wednesday,502
2024-02-28 17:23:55,2024,2,28,Wednesday,503
2024-02-28 01:14:07,2024,2,28,Wednesday,504
2024-02-28 03:06:47,2024,2,28,Wednesday,505
2024-02-28 10:14:10,2024,2,28,Wednesday,506
2024-02-28 03:12:05,2024,2,28,Wednesday,507
2024-02-28 02:02:13,2024,2,28,Wednesday,508
2024-02-28 01:51:14,2024,2,28,Wednesday,509
2024-02-28 11:17:30,2024,2,28,Wednesday,510
2024-02-28 03:53:48,2024,2,28,Wednesday,511
2024-02-28 01:36:10,2024,2,28,Wednesday,512
2024-02-28 02:51:57,2024,2,28,Wednesday,513
2024-02-28 17:52:28,2024,2,28,Wednesday,514
2024-02-28 12:15:41,2024,2,28,Wednesday,515
2024-02-28 00:37:26,2024,2,28,Wednesday,516
2024-02-28 09:26:36,2024,2,28,Wednesday,517
2024-02-28 12:19:46,2024,2,28,Wednesday,518
2024-02-28 15:31:55,2024,2,28,Wednesday,519
2024-02-28 23:21:19,2024,2,28,Wednesday,520
2024-02-28 18:28:53,2024,2,28,Wednesday,521
2024-02-28 05:15:43,2024,2,28,Wednesday,522
2024-02-28 16:23:45,2024,2,28,Wednesday,523
2024-02-28 09:04:47,2024,2,28,Wednesday,524
2024-02-28 09:14:20,2024,2,28,Wednesday,525
2024-02-28 01:34:51,2024,2,28,Wednesday,526
2024-02-28 11:30:38,2024,2,28,Wednesday,527
2024-02-28 01:05:54,2024,2,28,Wednesday,528
2024-02-28 06:07:23,2024,2,28,Wednesday,529
2024-02-28 11:19:22,2024,2,28,Wednesday,530
2024-02-28 22:30:48,2024,2,28,Wednesday,531
2024-02-28 12:13:52,2024,2,28,Wednesday,532
2024-02-28 23:32:55,2024,2,28,Wednesday,533
2024-02-28 13:28:30,2024,2,28,Wednesday,534
2024-02-28 14:31:26,2024,2,28,Wednesday,535
2024-02-28 17:39:21,2024,2,28,Wednesday,536
2024-02-28 00:40:28,2024,2,28,Wednesday,537
2024-02-28 22:47:40,2024,2,28,Wednesday,538
2024-02-28 23:14:17,2024,2,28,Wednesday,539
2024-02-28 16:08:22,2024,2,28,Wednesday,540
2024-02-28 10:17:40,2024,2,28,Wednesday,541
2024-02-28 00:11:07,2024,2,28,Wednesday,542
2024-02-28 23:45:37,2024,2,28,Wednesday,543
2024-02-28 11:27:50,2024,2,28,Wednesday,544
2024-02-28 07:33:27,2024,2,28,Wednesday,545
2024-02-28 16:51:46,2024,2,28,Wednesday,546
2024-02-28 07:18:11,2024,2,28,Wednesday,547
2024-02-28 19:41:52,2024,2,28,Wednesday,548
2024-02-28 00:18:28,2024,2,28,Wednesday,549
2024-02-28 18:30:30,2024,2,28,Wednesday,550
2024-02-28 15:44:21,2024,2,28,Wednesday,551
2024-02-28 13:35:55,2024,2,28,Wednesday,552
2024-02-28 05:03:20,2024,2,28,Wednesday,553
2024-02-28 11:05:39,2024,2,28,Wednesday,554
2024-02-28 13:32:57,2024,2,28,Wednesday,555
2024-02-28 23:35:54,2024,2,28,Wednesday,556
2024-02-28 22:42:42,2024,2,28,Wednesday,557
2024-02-28 05:11:54,2024,2,28,Wednesday,558
2024-02-28 16:09:37,2024,2,28,Wednesday,559
2024-02-28 12:09:15,2024,2,28,Wednesday,560
2024-02-28 10:40:00,2024,2,28,Wednesday,561
2024-02-28 10:25:02,2024,2,28,Wednesday,562
2024-02-28 06:05:50,2024,2,28,Wednesday,563
2024-02-28 06:27:11,2024,2,28,Wednesday,564
2024-02-28 20:21:35,2024,2,28,Wednesday,565
2024-02-28 11:56:27,2024,2,28,Wednesday,566
2024-02-28 11:14:47,2024,2,28,Wednesday,567
2024-02-28 15:13:59,2024,2,28,Wednesday,568
2024-02-28 16:56:52,2024,2,28,Wednesday,569
2024-02-28 14:22:44,2024,2,28,Wednesday,570
2024-02-28 07:55:54,2024,2,28,Wednesday,571
2024-02-28 21:39:39,2024,2,28,Wednesday,572
2024-02-28 07:11:59,2024,2,28,Wednesday,573
2024-02-28 23:26:00,2024,2,28,Wednesday,574
2024-02-28 03:00:16,2024,2,28,Wednesday,575
2024-02-28 02:55:01,2024,2,28,Wednesday,576
2024-02-28 07:11:23,2024,2,28,Wednesday,577
2024-02-28 04:14:13,2024,2,28,Wednesday,578
2024-02-28 10:47:58,2024,2,28,Wednesday,579
2024-02-28 12:28:34,2024,2,28,Wednesday,580
2024-02-28 20:32:20,2024,2,28,Wednesday,581
2024-02-28 21:53:07,2024,2,28,Wednesday,582
2024-02-28 11:37:13,2024,2,28,Wednesday,583
2024-02-28 15:58:40,2024,2,28,Wednesday,584
2024-02-28 02:36:42,2024,2,28,Wednesday,585
2024-02-28 10:45:35,2024,2,28,Wednesday,586
2024-02-28 15:49:14,2024,2,28,Wednesday,587
2024-02-28 23:39:05,2024,2,28,Wednesday,588
2024-02-28 12:02:05,2024,2,28,Wednesday,589
2024-02-28 21:52:41,2024,2,28,Wednesday,590
2024-02-28 08:45:11,2024,2,28,Wednesday,591
2024-02-28 22:36:33,2024,2,28,Wednesday,592
2024-02-28 18:33:06,2024,2,28,Wednesday,593
2024-02-28 11:44:13,2024,2,28,Wednesday,594
2024-02-28 21:39:41,2024,2,28,Wednesday,595
2024-02-28 11:45:07,2024,2,28,Wednesday,596
2024-02-28 02:11:18,2024,2,28,Wednesday,597
2024-02-28 06:44:52,2024,2,28,Wednesday,598
2024-02-28 14:58:30,2024,2,28,Wednesday,599
2024-02-28 11:26:28,2024,2,28,Wednesday,600
2024-02-28 02:29:45,2024,2,28,Wednesday,601
2024-02-28 00:31:40,2024,2,28,Wednesday,602
2024-02-28 16:25:22,2024,2,28,Wednesday,603
2024-02-28 21:00:49,2024,2,28,Wednesday,604
2024-02-28 10:47:29,2024,2,28,Wednesday,605
2024-02-28 02:27:55,2024,2,28,Wednesday,606
2024-02-28 08:46:32,2024,2,28,Wednesday,607
2024-02-28 15:47:58,2024,2,28,Wednesday,608
2024-02-28 00:19:29,2024,2,28,Wednesday,609
2024-02-28 02:55:21,2024,2,28,Wednesday,610
2024-02-28 16:32:31,2024,2,28,Wednesday,611
2024-02-28 14:05:08,2024,2,28,Wednesday,612
2024-02-28 04:15:18,2024,2,28,Wednesday,613
2024-02-28 00:06:39,2024,2,28,Wednesday,614
2024-02-28 05:16:14,2024,2,28,Wednesday,615
2024-02-28 14:47:26,2024,2,28,Wednesday,616
2024-02-28 02:36:30,2024,2,28,Wednesday,617
2024-02-28 01:35:56,2024,2,28,Wednesday,618
2024-02-28 05:44:45,2024,2,28,Wednesday,619
2024-02-28 15:11:57,2024,2,28,Wednesday,620
2024-02-28 23:22:49,2024,2,28,Wednesday,621
2024-02-28 01:29:56,2024,2,28,Wednesday,622
2024-02-28 00:36:33,2024,2,28,Wednesday,623
2024-02-28 07:16:05,2024,2,28,Wednesday,624
2024-02-28 12:54:44,2024,2,28,Wednesday,625
2024-02-28 03:50:14,2024,2,28,Wednesday,626
2024-02-28 15:49:30,2024,2,28,Wednesday,627
2024-02-28 04:56:09,2024,2,28,Wednesday,628
2024-02-28 04:43:17,2024,2,28,Wednesday,629
2024-02-28 14:05:46,2024,2,28,Wednesday,630
2024-02-28 14:58:06,2024,2,28,Wednesday,631
2024-02-28 02:19:40,2024,2,28,Wednesday,632
2024-02-28 01:13:57,2024,2,28,Wednesday,633
2024-02-28 15:44:12,2024,2,28,Wednesday,634
2024-02-28 01:09:49,2024,2,28,Wednesday,635
2024-02-28 07:55:35,2024,2,28,Wednesday,636
2024-02-28 21:16:59,2024,2,28,Wednesday,637
2024-02-28 06:29:28,2024,2,28,Wednesday,638
2024-02-28 18:18:45,2024,2,28,Wednesday,639
2024-02-28 12:05:05,2024,2,28,Wednesday,640
2024-02-28 13:29:48,2024,2,28,Wednesday,641
2024-02-28 14:22:33,2024,2,28,Wednesday,642
2024-02-28 10:39:27,2024,2,28,Wednesday,643
2024-02-28 01:42:09,2024,2,28,Wednesday,644
2024-02-28 12:45:06,2024,2,28,Wednesday,645
2024-02-28 03:03:33,2024,2,28,Wednesday,646
2024-02-28 23:51:26,2024,2,28,Wednesday,647
2024-02-28 21:35:52,2024,2,28,Wednesday,648
2024-02-28 21:27:29,2024,2,28,Wednesday,649
2024-02-28 21:57:35,2024,2,28,Wednesday,650
2024-02-28 12:11:18,2024,2,28,Wednesday,651
2024-02-28 17:37:39,2024,2,28,Wednesday,652
2024-02-28 15:55:03,2024,2,28,Wednesday,653
2024-02-28 17:51:18,2024,2,28,Wednesday,654
2024-02-28 11:52:05,2024,2,28,Wednesday,655
2024-02-28 03:21:51,2024,2,28,Wednesday,656
2024-02-28 14:29:15,2024,2,28,Wednesday,657
2024-02-28 17:41:26,2024,2,28,Wednesday,658
2024-02-28 10:26:28,2024,2,28,Wednesday,659
2024-02-28 15:38:27,2024,2,28,Wednesday,660
2024-02-28 12:01:59,2024,2,28,Wednesday,661
2024-02-28 12:12:29,2024,2,28,Wednesday,662
2024-02-28 00:50:49,2024,2,28,Wednesday,663
2024-02-28 18:20:22,2024,2,28,Wednesday,664
2024-02-28 14:18:34,2024,2,28,Wednesday,665
2024-02-28 12:11:34,2024,2,28,Wednesday,666
2024-02-28 22:13:22,2024,2,28,Wednesday,667
2024-02-28 15:43:12,2024,2,28,Wednesday,668
2024-02-28 20:34:59,2024,2,28,Wednesday,669
2024-02-28 09:19:46,2024,2,28,Wednesday,670
2024-02-28 20:53:48,2024,2,28,Wednesday,671
2024-02-28 18:43:48,2024,2,28,Wednesday,672
2024-02-28 06:43:23,2024,2,28,Wednesday,673
2024-02-28 13:59:35,2024,2,28,Wednesday,674
2024-02-28 01:58:50,2024,2,28,Wednesday,675
2024-02-28 06:26:50,2024,2,28,Wednesday,676
2024-02-28 07:44:24,2024,2,28,Wednesday,677
2024-02-28 11:34:33,2024,2,28,Wednesday,678
2024-02-28 02:41:24,2024,2,28,Wednesday,679
2024-02-28 01:21:21,2024,2,28,Wednesday,680
2024-02-28 17:51:49,2024,2,28,Wednesday,681
2024-02-28 05:36:35,2024,2,28,Wednesday,682
2024-02-28 06:40:19,2024,2,28,Wednesday,683
2024-02-28 08:12:53,2024,2,28,Wednesday,684
2024-02-28 02:44:33,2024,2,28,Wednesday,685
2024-02-28 20:39:49,2024,2,28,Wednesday,686
2024-02-28 12:13:29,2024,2,28,Wednesday,687
2024-02-28 22:17:07,2024,2,28,Wednesday,688
2024-02-28 08:58:20,2024,2,28,Wednesday,689
2024-02-28 14:49:19,2024,2,28,Wednesday,690
2024-02-28 07:10:17,2024,2,28,Wednesday,691
2024-02-28 22:27:13,2024,2,28,Wednesday,692
2024-02-28 16:27:50,2024,2,28,Wednesday,693
2024-02-28 11:31:40,2024,2,28,Wednesday,694
2024-02-28 04:34:46,2024,2,28,Wednesday,695
2024-02-28 05:24:50,2024,2,28,Wednesday,696
2024-02-28 10:14:28,2024,2,28,Wednesday,697
2024-02-28 22:13:10,2024,2,28,Wednesday,698
2024-02-28 16:52:19,2024,2,28,Wednesday,699
2024-02-28 15:57:16,2024,2,28,Wednesday,700
2024-02-28 02:25:55,2024,2,28,Wednesday,701
2024-02-28 02:06:21,2024,2,28,Wednesday,702
2024-02-28 03:34:03,2024,2,28,Wednesday,703
2024-02-28 04:47:16,2024,2,28,Wednesday,704
2024-02-28 20:01:13,2024,2,28,Wednesday,705
2024-02-28 15:02:36,2024,2,28,Wednesday,706
2024-02-28 07:41:51,2024,2,28,Wednesday,707
2024-02-28 22:08:36,2024,2,28,Wednesday,708
2024-02-28 08:16:18,2024,2,28,Wednesday,709
2024-02-28 00:01:12,2024,2,28,Wednesday,710
2024-02-28 03:36:23,2024,2,28,Wednesday,711
2024-02-28 14:04:25,2024,2,28,Wednesday,712
2024-02-28 17:44:43,2024,2,28,Wednesday,713
2024-02-28 01:17:37,2024,2,28,Wednesday,714
2024-02-28 04:03:27,2024,2,28,Wednesday,715
2024-02-28 18:29:55,2024,2,28,Wednesday,716
2024-02-28 10:32:47,2024,2,28,Wednesday,717
2024-02-28 14:20:27,2024,2,28,Wednesday,718
2024-02-28 12:22:27,2024,2,28,Wednesday,719
2024-02-28 09:04:58,2024,2,28,Wednesday,720
2024-02-28 22:37:39,2024,2,28,Wednesday,721
2024-02-28 14:55:49,2024,2,28,Wednesday,722
2024-02-28 18:53:59,2024,2,28,Wednesday,723
2024-02-28 07:03:20,2024,2,28,Wednesday,724
2024-02-28 19:51:17,2024,2,28,Wednesday,725
2024-02-28 22:17:21,2024,2,28,Wednesday,726
2024-02-28 13:26:44,2024,2,28,Wednesday,727
2024-02-28 04:01:26,2024,2,28,Wednesday,728
2024-02-28 07:24:13,2024,2,28,Wednesday,729
2024-02-28 03:46:43,2024,2,28,Wednesday,730
2024-02-28 02:30:06,2024,2,28,Wednesday,731
2024-02-28 09:49:43,2024,2,28,Wednesday,732
2024-02-28 13:56:52,2024,2,28,Wednesday,733
2024-02-28 08:51:11,2024,2,28,Wednesday,734
2024-02-28 02:35:09,2024,2,28,Wednesday,735
2024-02-28 09:48:22,2024,2,28,Wednesday,736
2024-02-28 13:50:40,2024,2,28,Wednesday,737
2024-02-28 20:33:29,2024,2,28,Wednesday,738
2024-02-28 09:15:20,2024,2,28,Wednesday,739
2024-02-28 01:55:14,2024,2,28,Wednesday,740
2024-02-28 21:54:11,2024,2,28,Wednesday,741
2024-02-28 15:33:32,2024,2,28,Wednesday,742
2024-02-28 12:05:46,2024,2,28,Wednesday,743
2024-02-28 11:45:06,2024,2,28,Wednesday,744
2024-02-28 09:40:52,2024,2,28,Wednesday,745
2024-02-28 23:28:15,2024,2,28,Wednesday,746
2024-02-28 23:09:41,2024,2,28,Wednesday,747
2024-02-28 03:08:27,2024,2,28,Wednesday,748
2024-02-28 17:45:50,2024,2,28,Wednesday,749
2024-02-28 12:10:12,2024,2,28,Wednesday,750
2024-02-28 11:44:29,2024,2,28,Wednesday,751
2024-02-28 15:30:40,2024,2,28,Wednesday,752
2024-02-28 21:32:51,2024,2,28,Wednesday,753
2024-02-28 04:58:12,2024,2,28,Wednesday,754
2024-02-28 21:41:36,2024,2,28,Wednesday,755
2024-02-28 18:53:02,2024,2,28,Wednesday,756
2024-02-28 20:06:59,2024,2,28,Wednesday,757
2024-02-28 10:27:36,2024,2,28,Wednesday,758
2024-02-28 19:58:29,2024,2,28,Wednesday,759
2024-02-28 23:28:06,2024,2,28,Wednesday,760
2024-02-28 17:37:24,2024,2,28,Wednesday,761
2024-02-28 23:57:19,2024,2,28,Wednesday,762
2024-02-28 00:34:46,2024,2,28,Wednesday,763
2024-02-28 16:40:52,2024,2,28,Wednesday,764
2024-02-28 04:19:21,2024,2,28,Wednesday,765
2024-02-28 18:14:12,2024,2,28,Wednesday,766
2024-02-28 05:11:58,2024,2,28,Wednesday,767
2024-02-28 03:52:06,2024,2,28,Wednesday,768
2024-02-28 09:48:17,2024,2,28,Wednesday,769
2024-02-28 01:11:00,2024,2,28,Wednesday,770
2024-02-28 06:59:10,2024,2,28,Wednesday,771
2024-02-28 04:42:27,2024,2,28,Wednesday,772
2024-02-28 03:37:06,2024,2,28,Wednesday,773
2024-02-28 23:47:27,2024,2,28,Wednesday,774
2024-02-28 04:55:16,2024,2,28,Wednesday,775
2024-02-28 08:41:32,2024,2,28,Wednesday,776
2024-02-28 08:18:40,2024,2,28,Wednesday,777
2024-02-28 17:02:32,2024,2,28,Wednesday,778
2024-02-28 01:49:41,2024,2,28,Wednesday,779
2024-02-28 23:23:03,2024,2,28,Wednesday,780
2024-02-28 08:23:51,2024,2,28,Wednesday,781
2024-02-28 20:42:06,2024,2,28,Wednesday,782
2024-02-28 21:46:29,2024,2,28,Wednesday,783
2024-02-28 11:15:29,2024,2,28,Wednesday,784
2024-02-28 11:31:30,2024,2,28,Wednesday,785
2024-02-28 13:06:24,2024,2,28,Wednesday,786
2024-02-28 18:43:17,2024,2,28,Wednesday,787
2024-02-28 20:58:04,2024,2,28,Wednesday,788
2024-02-28 22:52:50,2024,2,28,Wednesday,789
2024-02-28 13:30:43,2024,2,28,Wednesday,790
2024-02-28 16:05:13,2024,2,28,Wednesday,791
2024-02-28 14:25:23,2024,2,28,Wednesday,792
2024-02-28 01:43:05,2024,2,28,Wednesday,793
2024-02-28 00:47:14,2024,2,28,Wednesday,794
2024-02-28 04:31:16,2024,2,28,Wednesday,795
2024-02-28 15:11:35,2024,2,28,Wednesday,796
2024-02-28 22:39:52,2024,2,28,Wednesday,797
2024-02-28 13:30:15,2024,2,28,Wednesday,798
2024-02-28 17:26:14,2024,2,28,Wednesday,799
2024-02-28 09:10:51,2024,2,28,Wednesday,800
2024-02-28 16:47:30,2024,2,28,Wednesday,801
2024-02-28 14:10:45,2024,2,28,Wednesday,802
2024-02-28 22:01:32,2024,2,28,Wednesday,803
2024-02-28 04:10:05,2024,2,28,Wednesday,804
2024-02-28 00:55:05,2024,2,28,Wednesday,805
2024-02-28 18:05:17,2024,2,28,Wednesday,806
2024-02-28 15:11:58,2024,2,28,Wednesday,807
2024-02-28 15:29:01,2024,2,28,Wednesday,808
2024-02-28 16:58:29,2024,2,28,Wednesday,809
2024-02-28 23:11:57,2024,2,28,Wednesday,810
2024-02-28 01:25:38,2024,2,28,Wednesday,811
2024-02-28 06:39:30,2024,2,28,Wednesday,812
2024-02-28 03:19:38,2024,2,28,Wednesday,813
2024-02-28 12:46:44,2024,2,28,Wednesday,814
2024-02-28 07:22:15,2024,2,28,Wednesday,815
2024-02-28 20:43:50,2024,2,28,Wednesday,816
2024-02-28 15:45:37,2024,2,28,Wednesday,817
2024-02-28 16:19:27,2024,2,28,Wednesday,818
2024-02-28 17:57:17,2024,2,28,Wednesday,819
2024-02-28 15:58:15,2024,2,28,Wednesday,820
2024-02-28 13:23:24,2024,2,28,Wednesday,821
2024-02-28 01:30:27,2024,2,28,Wednesday,822
2024-02-28 14:07:13,2024,2,28,Wednesday,823
2024-02-28 15:23:42,2024,2,28,Wednesday,824
2024-02-28 21:58:52,2024,2,28,Wednesday,825
2024-02-28 18:46:41,2024,2,28,Wednesday,826
2024-02-28 13:14:47,2024,2,28,Wednesday,827
2024-02-28 13:20:19,2024,2,28,Wednesday,828
2024-02-28 18:45:17,2024,2,28,Wednesday,829
2024-02-28 01:02:26,2024,2,28,Wednesday,830
2024-02-28 09:16:32,2024,2,28,Wednesday,831
2024-02-28 03:41:16,2024,2,28,Wednesday,832
2024-02-28 10:03:17,2024,2,28,Wednesday,833
2024-02-28 16:15:26,2024,2,28,Wednesday,834
2024-02-28 21:33:36,2024,2,28,Wednesday,835
2024-02-28 05:41:21,2024,2,28,Wednesday,836
2024-02-28 11:50:26,2024,2,28,Wednesday,837
2024-02-28 17:37:43,2024,2,28,Wednesday,838
2024-02-28 18:15:09,2024,2,28,Wednesday,839
2024-02-28 16:00:06,2024,2,28,Wednesday,840
2024-02-28 08:37:19,2024,2,28,Wednesday,841
2024-02-28 08:12:50,2024,2,28,Wednesday,842
2024-02-28 15:47:13,2024,2,28,Wednesday,843
2024-02-28 23:25:25,2024,2,28,Wednesday,844
2024-02-28 02:31:47,2024,2,28,Wednesday,845
2024-02-28 16:12:34,2024,2,28,Wednesday,846
2024-02-28 19:17:41,2024,2,28,Wednesday,847
2024-02-28 10:52:42,2024,2,28,Wednesday,848
2024-02-28 16:16:30,2024,2,28,Wednesday,849
2024-02-28 17:32:24,2024,2,28,Wednesday,850
2024-02-28 23:11:14,2024,2,28,Wednesday,851
2024-02-28 23:39:00,2024,2,28,Wednesday,852
2024-02-28 01:03:09,2024,2,28,Wednesday,853
2024-02-28 11:14:19,2024,2,28,Wednesday,854
2024-02-28 17:49:52,2024,2,28,Wednesday,855
2024-02-28 03:06:55,2024,2,28,Wednesday,856
2024-02-28 12:25:26,2024,2,28,Wednesday,857
2024-02-28 21:00:44,2024,2,28,Wednesday,858
2024-02-28 17:50:49,2024,2,28,Wednesday,859
2024-02-28 03:26:54,2024,2,28,Wednesday,860
2024-02-28 09:57:20,2024,2,28,Wednesday,861
2024-02-28 20:57:14,2024,2,28,Wednesday,862
2024-02-28 01:44:09,2024,2,28,Wednesday,863
2024-02-28 04:02:04,2024,2,28,Wednesday,864
2024-02-28 16:41:16,2024,2,28,Wednesday,865
2024-02-28 19:17:47,2024,2,28,Wednesday,866
2024-02-28 07:48:49,2024,2,28,Wednesday,867
2024-02-28 23:25:08,2024,2,28,Wednesday,868
2024-02-28 00:41:37,2024,2,28,Wednesday,869
2024-02-28 10:03:55,2024,2,28,Wednesday,870
2024-02-28 14:11:22,2024,2,28,Wednesday,871
2024-02-28 01:18:08,2024,2,28,Wednesday,872
2024-02-28 12:13:56,2024,2,28,Wednesday,873
2024-02-28 15:42:19,2024,2,28,Wednesday,874
2024-02-28 14:39:10,2024,2,28,Wednesday,875
2024-02-28 00:34:24,2024,2,28,Wednesday,876
2024-02-28 03:14:40,2024,2,28,Wednesday,877
2024-02-28 20:36:21,2024,2,28,Wednesday,878
2024-02-28 05:58:10,2024,2,28,Wednesday,879
2024-02-28 21:50:27,2024,2,28,Wednesday,880
2024-02-28 12:05:16,2024,2,28,Wednesday,881
2024-02-28 03:17:13,2024,2,28,Wednesday,882
2024-02-28 18:19:11,2024,2,28,Wednesday,883
2024-02-28 23:09:28,2024,2,28,Wednesday,884
2024-02-28 10:29:10,2024,2,28,Wednesday,885
2024-02-28 20:59:52,2024,2,28,Wednesday,886
2024-02-28 20:08:45,2024,2,28,Wednesday,887
2024-02-28 20:14:03,2024,2,28,Wednesday,888
2024-02-28 06:29:20,2024,2,28,Wednesday,889
2024-02-28 10:56:38,2024,2,28,Wednesday,890
2024-02-28 18:09:05,2024,2,28,Wednesday,891
2024-02-28 08:59:16,2024,2,28,Wednesday,892
2024-02-28 07:45:17,2024,2,28,Wednesday,893
2024-02-28 06:17:55,2024,2,28,Wednesday,894
2024-02-28 15:44:33,2024,2,28,Wednesday,895
2024-02-28 13:21:09,2024,2,28,Wednesday,896
2024-02-28 13:23:31,2024,2,28,Wednesday,897
2024-02-28 23:28:32,2024,2,28,Wednesday,898
2024-02-28 18:41:00,2024,2,28,Wednesday,899
2024-02-28 19:36:22,2024,2,28,Wednesday,900
2024-02-28 14:39:26,2024,2,28,Wednesday,901
2024-02-28 15:26:31,2024,2,28,Wednesday,902
2024-02-28 23:40:05,2024,2,28,Wednesday,903
2024-02-28 10:42:59,2024,2,28,Wednesday,904
2024-02-28 10:19:09,2024,2,28,Wednesday,905
2024-02-28 23:16:02,2024,2,28,Wednesday,906
2024-02-28 02:12:06,2024,2,28,Wednesday,907
2024-02-28 00:15:30,2024,2,28,Wednesday,908
2024-02-28 17:41:08,2024,2,28,Wednesday,909
2024-02-28 13:28:08,2024,2,28,Wednesday,910
2024-02-28 05:32:44,2024,2,28,Wednesday,911
2024-02-28 06:58:46,2024,2,28,Wednesday,912
2024-02-28 03:23:10,2024,2,28,Wednesday,913
2024-02-28 19:55:45,2024,2,28,Wednesday,914
2024-02-28 03:18:07,2024,2,28,Wednesday,915
2024-02-28 09:29:53,2024,2,28,Wednesday,916
2024-02-28 10:54:49,2024,2,28,Wednesday,917
2024-02-28 14:50:49,2024,2,28,Wednesday,918
2024-02-28 00:07:42,2024,2,28,Wednesday,919
2024-02-28 06:15:40,2024,2,28,Wednesday,920
2024-02-28 18:44:51,2024,2,28,Wednesday,921
2024-02-28 00:45:39,2024,2,28,Wednesday,922
2024-02-28 10:18:05,2024,2,28,Wednesday,923
2024-02-28 21:40:44,2024,2,28,Wednesday,924
2024-02-28 05:16:24,2024,2,28,Wednesday,925
2024-02-28 21:19:23,2024,2,28,Wednesday,926
2024-02-28 07:50:12,2024,2,28,Wednesday,927
2024-02-28 16:46:01,2024,2,28,Wednesday,928
2024-02-28 02:47:30,2024,2,28,Wednesday,929
2024-02-28 21:43:57,2024,2,28,Wednesday,930
2024-02-28 01:39:51,2024,2,28,Wednesday,931
2024-02-28 15:49:42,2024,2,28,Wednesday,932
2024-02-28 00:34:04,2024,2,28,Wednesday,933
2024-02-28 01:56:31,2024,2,28,Wednesday,934
2024-02-28 07:00:58,2024,2,28,Wednesday,935
2024-02-28 23:04:20,2024,2,28,Wednesday,936
2024-02-28 21:04:41,2024,2,28,Wednesday,937
2024-02-28 14:34:45,2024,2,28,Wednesday,938
2024-02-28 13:50:06,2024,2,28,Wednesday,939
2024-02-28 11:13:06,2024,2,28,Wednesday,940
2024-02-28 19:14:16,2024,2,28,Wednesday,941
2024-02-28 12:39:58,2024,2,28,Wednesday,942
2024-02-28 17:46:34,2024,2,28,Wednesday,943
2024-02-28 01:05:08,2024,2,28,Wednesday,944
2024-02-28 16:10:06,2024,2,28,Wednesday,945
2024-02-28 16:21:48,2024,2,28,Wednesday,946
2024-02-28 22:01:49,2024,2,28,Wednesday,947
2024-02-28 09:23:30,2024,2,28,Wednesday,948
2024-02-28 08:45:26,2024,2,28,Wednesday,949
2024-02-28 15:11:53,2024,2,28,Wednesday,950
2024-02-28 15:34:38,2024,2,28,Wednesday,951
2024-02-28 00:27:17,2024,2,28,Wednesday,952
2024-02-28 22:12:45,2024,2,28,Wednesday,953
2024-02-28 07:02:00,2024,2,28,Wednesday,954
2024-02-28 23:24:09,2024,2,28,Wednesday,955
2024-02-28 02:17:18,2024,2,28,Wednesday,956
2024-02-28 23:38:30,2024,2,28,Wednesday,957
2024-02-28 22:14:35,2024,2,28,Wednesday,958
2024-02-28 01:29:36,2024,2,28,Wednesday,959
2024-02-28 21:28:02,2024,2,28,Wednesday,960
2024-02-28 11:05:03,2024,2,28,Wednesday,961
2024-02-28 16:47:17,2024,2,28,Wednesday,962
2024-02-28 04:25:43,2024,2,28,Wednesday,963
2024-02-28 18:39:12,2024,2,28,Wednesday,964
2024-02-28 16:37:13,2024,2,28,Wednesday,965
2024-02-28 17:16:02,2024,2,28,Wednesday,966
2024-02-28 10:19:45,2024,2,28,Wednesday,967
2024-02-28 05:12:49,2024,2,28,Wednesday,968
2024-02-28 02:05:52,2024,2,28,Wednesday,969
2024-02-28 22:14:47,2024,2,28,Wednesday,970
2024-02-28 21:57:19,2024,2,28,Wednesday,971
2024-02-28 19:41:51,2024,2,28,Wednesday,972
2024-02-28 02:45:39,2024,2,28,Wednesday,973
2024-02-28 12:19:52,2024,2,28,Wednesday,974
2024-02-28 12:17:07,2024,2,28,Wednesday,975
2024-02-28 22:31:36,2024,2,28,Wednesday,976
2024-02-28 20:17:56,2024,2,28,Wednesday,977
2024-02-28 10:23:41,2024,2,28,Wednesday,978
2024-02-28 23:44:05,2024,2,28,Wednesday,979
2024-02-28 08:35:09,2024,2,28,Wednesday,980
2024-02-28 15:27:53,2024,2,28,Wednesday,981
2024-02-28 19:23:03,2024,2,28,Wednesday,982
2024-02-28 09:27:56,2024,2,28,Wednesday,983
2024-02-28 19:19:46,2024,2,28,Wednesday,984
2024-02-28 11:02:10,2024,2,28,Wednesday,985
2024-02-28 09:33:14,2024,2,28,Wednesday,986
2024-02-28 15:20:37,2024,2,28,Wednesday,987
2024-02-28 00:40:36,2024,2,28,Wednesday,988
2024-02-28 12:26:52,2024,2,28,Wednesday,989
2024-02-28 11:31:15,2024,2,28,Wednesday,990
2024-02-28 03:23:19,2024,2,28,Wednesday,991
2024-02-28 14:10:57,2024,2,28,Wednesday,992
2024-02-28 07:06:57,2024,2,28,Wednesday,993
2024-02-28 14:57:06,2024,2,28,Wednesday,994
2024-02-28 23:20:10,2024,2,28,Wednesday,995
2024-02-28 12:43:41,2024,2,28,Wednesday,996
